--
-- PostgreSQL database dump
--

-- Dumped from database version 17.4
-- Dumped by pg_dump version 17.4

SET statement_timeout = 0;
SET lock_timeout = 0;
SET idle_in_transaction_session_timeout = 0;
SET transaction_timeout = 0;
SET client_encoding = 'UTF8';
SET standard_conforming_strings = on;
SELECT pg_catalog.set_config('search_path', '', false);
SET check_function_bodies = false;
SET xmloption = content;
SET client_min_messages = warning;
SET row_security = off;

SET default_tablespace = '';

SET default_table_access_method = heap;

--
-- Name: account_emailaddress; Type: TABLE; Schema: public; Owner: postgres
--

CREATE TABLE public.account_emailaddress (
    id integer NOT NULL,
    email character varying(254) NOT NULL,
    verified boolean NOT NULL,
    "primary" boolean NOT NULL,
    user_id bigint NOT NULL
);


ALTER TABLE public.account_emailaddress OWNER TO postgres;

--
-- Name: account_emailaddress_id_seq; Type: SEQUENCE; Schema: public; Owner: postgres
--

ALTER TABLE public.account_emailaddress ALTER COLUMN id ADD GENERATED BY DEFAULT AS IDENTITY (
    SEQUENCE NAME public.account_emailaddress_id_seq
    START WITH 1
    INCREMENT BY 1
    NO MINVALUE
    NO MAXVALUE
    CACHE 1
);


--
-- Name: account_emailconfirmation; Type: TABLE; Schema: public; Owner: postgres
--

CREATE TABLE public.account_emailconfirmation (
    id integer NOT NULL,
    created timestamp with time zone NOT NULL,
    sent timestamp with time zone,
    key character varying(64) NOT NULL,
    email_address_id integer NOT NULL
);


ALTER TABLE public.account_emailconfirmation OWNER TO postgres;

--
-- Name: account_emailconfirmation_id_seq; Type: SEQUENCE; Schema: public; Owner: postgres
--

ALTER TABLE public.account_emailconfirmation ALTER COLUMN id ADD GENERATED BY DEFAULT AS IDENTITY (
    SEQUENCE NAME public.account_emailconfirmation_id_seq
    START WITH 1
    INCREMENT BY 1
    NO MINVALUE
    NO MAXVALUE
    CACHE 1
);


--
-- Name: accounts_customuser; Type: TABLE; Schema: public; Owner: postgres
--

CREATE TABLE public.accounts_customuser (
    id bigint NOT NULL,
    password character varying(128) NOT NULL,
    last_login timestamp with time zone,
    is_superuser boolean NOT NULL,
    username character varying(150) NOT NULL,
    first_name character varying(150) NOT NULL,
    last_name character varying(150) NOT NULL,
    email character varying(254) NOT NULL,
    is_staff boolean NOT NULL,
    is_active boolean NOT NULL,
    date_joined timestamp with time zone NOT NULL,
    is_fake boolean NOT NULL,
    ai_personality_prompt text,
    coin_balance integer NOT NULL,
    assigned_moderator_id bigint,
    moderator_notes text,
    can_use_ai_assist boolean NOT NULL,
    birth_date date,
    city character varying(100),
    country character varying(100),
    postal_code character varying(20),
    state character varying(100),
    about_me text,
    gender character varying(10),
    seeking character varying(10)
);


ALTER TABLE public.accounts_customuser OWNER TO postgres;

--
-- Name: accounts_customuser_groups; Type: TABLE; Schema: public; Owner: postgres
--

CREATE TABLE public.accounts_customuser_groups (
    id bigint NOT NULL,
    customuser_id bigint NOT NULL,
    group_id integer NOT NULL
);


ALTER TABLE public.accounts_customuser_groups OWNER TO postgres;

--
-- Name: accounts_customuser_groups_id_seq; Type: SEQUENCE; Schema: public; Owner: postgres
--

ALTER TABLE public.accounts_customuser_groups ALTER COLUMN id ADD GENERATED BY DEFAULT AS IDENTITY (
    SEQUENCE NAME public.accounts_customuser_groups_id_seq
    START WITH 1
    INCREMENT BY 1
    NO MINVALUE
    NO MAXVALUE
    CACHE 1
);


--
-- Name: accounts_customuser_id_seq; Type: SEQUENCE; Schema: public; Owner: postgres
--

ALTER TABLE public.accounts_customuser ALTER COLUMN id ADD GENERATED BY DEFAULT AS IDENTITY (
    SEQUENCE NAME public.accounts_customuser_id_seq
    START WITH 1
    INCREMENT BY 1
    NO MINVALUE
    NO MAXVALUE
    CACHE 1
);


--
-- Name: accounts_customuser_user_permissions; Type: TABLE; Schema: public; Owner: postgres
--

CREATE TABLE public.accounts_customuser_user_permissions (
    id bigint NOT NULL,
    customuser_id bigint NOT NULL,
    permission_id integer NOT NULL
);


ALTER TABLE public.accounts_customuser_user_permissions OWNER TO postgres;

--
-- Name: accounts_customuser_user_permissions_id_seq; Type: SEQUENCE; Schema: public; Owner: postgres
--

ALTER TABLE public.accounts_customuser_user_permissions ALTER COLUMN id ADD GENERATED BY DEFAULT AS IDENTITY (
    SEQUENCE NAME public.accounts_customuser_user_permissions_id_seq
    START WITH 1
    INCREMENT BY 1
    NO MINVALUE
    NO MAXVALUE
    CACHE 1
);


--
-- Name: accounts_profilelike; Type: TABLE; Schema: public; Owner: postgres
--

CREATE TABLE public.accounts_profilelike (
    id bigint NOT NULL,
    "timestamp" timestamp with time zone NOT NULL,
    liked_user_id bigint NOT NULL,
    liker_id bigint NOT NULL
);


ALTER TABLE public.accounts_profilelike OWNER TO postgres;

--
-- Name: accounts_profilelike_id_seq; Type: SEQUENCE; Schema: public; Owner: postgres
--

ALTER TABLE public.accounts_profilelike ALTER COLUMN id ADD GENERATED BY DEFAULT AS IDENTITY (
    SEQUENCE NAME public.accounts_profilelike_id_seq
    START WITH 1
    INCREMENT BY 1
    NO MINVALUE
    NO MAXVALUE
    CACHE 1
);


--
-- Name: accounts_userprofileimage; Type: TABLE; Schema: public; Owner: postgres
--

CREATE TABLE public.accounts_userprofileimage (
    id bigint NOT NULL,
    image character varying(100) NOT NULL,
    uploaded_at timestamp with time zone NOT NULL,
    user_id bigint NOT NULL,
    is_approved boolean NOT NULL
);


ALTER TABLE public.accounts_userprofileimage OWNER TO postgres;

--
-- Name: accounts_userprofileimage_id_seq; Type: SEQUENCE; Schema: public; Owner: postgres
--

ALTER TABLE public.accounts_userprofileimage ALTER COLUMN id ADD GENERATED BY DEFAULT AS IDENTITY (
    SEQUENCE NAME public.accounts_userprofileimage_id_seq
    START WITH 1
    INCREMENT BY 1
    NO MINVALUE
    NO MAXVALUE
    CACHE 1
);


--
-- Name: auth_group; Type: TABLE; Schema: public; Owner: postgres
--

CREATE TABLE public.auth_group (
    id integer NOT NULL,
    name character varying(150) NOT NULL
);


ALTER TABLE public.auth_group OWNER TO postgres;

--
-- Name: auth_group_id_seq; Type: SEQUENCE; Schema: public; Owner: postgres
--

ALTER TABLE public.auth_group ALTER COLUMN id ADD GENERATED BY DEFAULT AS IDENTITY (
    SEQUENCE NAME public.auth_group_id_seq
    START WITH 1
    INCREMENT BY 1
    NO MINVALUE
    NO MAXVALUE
    CACHE 1
);


--
-- Name: auth_group_permissions; Type: TABLE; Schema: public; Owner: postgres
--

CREATE TABLE public.auth_group_permissions (
    id bigint NOT NULL,
    group_id integer NOT NULL,
    permission_id integer NOT NULL
);


ALTER TABLE public.auth_group_permissions OWNER TO postgres;

--
-- Name: auth_group_permissions_id_seq; Type: SEQUENCE; Schema: public; Owner: postgres
--

ALTER TABLE public.auth_group_permissions ALTER COLUMN id ADD GENERATED BY DEFAULT AS IDENTITY (
    SEQUENCE NAME public.auth_group_permissions_id_seq
    START WITH 1
    INCREMENT BY 1
    NO MINVALUE
    NO MAXVALUE
    CACHE 1
);


--
-- Name: auth_permission; Type: TABLE; Schema: public; Owner: postgres
--

CREATE TABLE public.auth_permission (
    id integer NOT NULL,
    name character varying(255) NOT NULL,
    content_type_id integer NOT NULL,
    codename character varying(100) NOT NULL
);


ALTER TABLE public.auth_permission OWNER TO postgres;

--
-- Name: auth_permission_id_seq; Type: SEQUENCE; Schema: public; Owner: postgres
--

ALTER TABLE public.auth_permission ALTER COLUMN id ADD GENERATED BY DEFAULT AS IDENTITY (
    SEQUENCE NAME public.auth_permission_id_seq
    START WITH 1
    INCREMENT BY 1
    NO MINVALUE
    NO MAXVALUE
    CACHE 1
);


--
-- Name: auth_user; Type: TABLE; Schema: public; Owner: postgres
--

CREATE TABLE public.auth_user (
    id integer NOT NULL,
    password character varying(128) NOT NULL,
    last_login timestamp with time zone,
    is_superuser boolean NOT NULL,
    username character varying(150) NOT NULL,
    first_name character varying(150) NOT NULL,
    last_name character varying(150) NOT NULL,
    email character varying(254) NOT NULL,
    is_staff boolean NOT NULL,
    is_active boolean NOT NULL,
    date_joined timestamp with time zone NOT NULL
);


ALTER TABLE public.auth_user OWNER TO postgres;

--
-- Name: auth_user_groups; Type: TABLE; Schema: public; Owner: postgres
--

CREATE TABLE public.auth_user_groups (
    id bigint NOT NULL,
    user_id integer NOT NULL,
    group_id integer NOT NULL
);


ALTER TABLE public.auth_user_groups OWNER TO postgres;

--
-- Name: auth_user_groups_id_seq; Type: SEQUENCE; Schema: public; Owner: postgres
--

ALTER TABLE public.auth_user_groups ALTER COLUMN id ADD GENERATED BY DEFAULT AS IDENTITY (
    SEQUENCE NAME public.auth_user_groups_id_seq
    START WITH 1
    INCREMENT BY 1
    NO MINVALUE
    NO MAXVALUE
    CACHE 1
);


--
-- Name: auth_user_id_seq; Type: SEQUENCE; Schema: public; Owner: postgres
--

ALTER TABLE public.auth_user ALTER COLUMN id ADD GENERATED BY DEFAULT AS IDENTITY (
    SEQUENCE NAME public.auth_user_id_seq
    START WITH 1
    INCREMENT BY 1
    NO MINVALUE
    NO MAXVALUE
    CACHE 1
);


--
-- Name: auth_user_user_permissions; Type: TABLE; Schema: public; Owner: postgres
--

CREATE TABLE public.auth_user_user_permissions (
    id bigint NOT NULL,
    user_id integer NOT NULL,
    permission_id integer NOT NULL
);


ALTER TABLE public.auth_user_user_permissions OWNER TO postgres;

--
-- Name: auth_user_user_permissions_id_seq; Type: SEQUENCE; Schema: public; Owner: postgres
--

ALTER TABLE public.auth_user_user_permissions ALTER COLUMN id ADD GENERATED BY DEFAULT AS IDENTITY (
    SEQUENCE NAME public.auth_user_user_permissions_id_seq
    START WITH 1
    INCREMENT BY 1
    NO MINVALUE
    NO MAXVALUE
    CACHE 1
);


--
-- Name: authtoken_token; Type: TABLE; Schema: public; Owner: postgres
--

CREATE TABLE public.authtoken_token (
    key character varying(40) NOT NULL,
    created timestamp with time zone NOT NULL,
    user_id bigint NOT NULL
);


ALTER TABLE public.authtoken_token OWNER TO postgres;

--
-- Name: background_task; Type: TABLE; Schema: public; Owner: postgres
--

CREATE TABLE public.background_task (
    id integer NOT NULL,
    task_name character varying(190) NOT NULL,
    task_params text NOT NULL,
    task_hash character varying(40) NOT NULL,
    verbose_name character varying(255),
    priority integer NOT NULL,
    run_at timestamp with time zone NOT NULL,
    repeat bigint NOT NULL,
    repeat_until timestamp with time zone,
    queue character varying(190),
    attempts integer NOT NULL,
    failed_at timestamp with time zone,
    last_error text NOT NULL,
    locked_by character varying(64),
    locked_at timestamp with time zone,
    creator_object_id integer,
    creator_content_type_id integer,
    CONSTRAINT background_task_creator_object_id_check CHECK ((creator_object_id >= 0))
);


ALTER TABLE public.background_task OWNER TO postgres;

--
-- Name: background_task_completedtask; Type: TABLE; Schema: public; Owner: postgres
--

CREATE TABLE public.background_task_completedtask (
    id integer NOT NULL,
    task_name character varying(190) NOT NULL,
    task_params text NOT NULL,
    task_hash character varying(40) NOT NULL,
    verbose_name character varying(255),
    priority integer NOT NULL,
    run_at timestamp with time zone NOT NULL,
    repeat bigint NOT NULL,
    repeat_until timestamp with time zone,
    queue character varying(190),
    attempts integer NOT NULL,
    failed_at timestamp with time zone,
    last_error text NOT NULL,
    locked_by character varying(64),
    locked_at timestamp with time zone,
    creator_object_id integer,
    creator_content_type_id integer,
    CONSTRAINT background_task_completedtask_creator_object_id_check CHECK ((creator_object_id >= 0))
);


ALTER TABLE public.background_task_completedtask OWNER TO postgres;

--
-- Name: background_task_completedtask_id_seq; Type: SEQUENCE; Schema: public; Owner: postgres
--

ALTER TABLE public.background_task_completedtask ALTER COLUMN id ADD GENERATED BY DEFAULT AS IDENTITY (
    SEQUENCE NAME public.background_task_completedtask_id_seq
    START WITH 1
    INCREMENT BY 1
    NO MINVALUE
    NO MAXVALUE
    CACHE 1
);


--
-- Name: background_task_id_seq; Type: SEQUENCE; Schema: public; Owner: postgres
--

ALTER TABLE public.background_task ALTER COLUMN id ADD GENERATED BY DEFAULT AS IDENTITY (
    SEQUENCE NAME public.background_task_id_seq
    START WITH 1
    INCREMENT BY 1
    NO MINVALUE
    NO MAXVALUE
    CACHE 1
);


--
-- Name: django_admin_log; Type: TABLE; Schema: public; Owner: postgres
--

CREATE TABLE public.django_admin_log (
    id integer NOT NULL,
    action_time timestamp with time zone NOT NULL,
    object_id text,
    object_repr character varying(200) NOT NULL,
    action_flag smallint NOT NULL,
    change_message text NOT NULL,
    content_type_id integer,
    user_id integer NOT NULL,
    CONSTRAINT django_admin_log_action_flag_check CHECK ((action_flag >= 0))
);


ALTER TABLE public.django_admin_log OWNER TO postgres;

--
-- Name: django_admin_log_id_seq; Type: SEQUENCE; Schema: public; Owner: postgres
--

ALTER TABLE public.django_admin_log ALTER COLUMN id ADD GENERATED BY DEFAULT AS IDENTITY (
    SEQUENCE NAME public.django_admin_log_id_seq
    START WITH 1
    INCREMENT BY 1
    NO MINVALUE
    NO MAXVALUE
    CACHE 1
);


--
-- Name: django_content_type; Type: TABLE; Schema: public; Owner: postgres
--

CREATE TABLE public.django_content_type (
    id integer NOT NULL,
    app_label character varying(100) NOT NULL,
    model character varying(100) NOT NULL
);


ALTER TABLE public.django_content_type OWNER TO postgres;

--
-- Name: django_content_type_id_seq; Type: SEQUENCE; Schema: public; Owner: postgres
--

ALTER TABLE public.django_content_type ALTER COLUMN id ADD GENERATED BY DEFAULT AS IDENTITY (
    SEQUENCE NAME public.django_content_type_id_seq
    START WITH 1
    INCREMENT BY 1
    NO MINVALUE
    NO MAXVALUE
    CACHE 1
);


--
-- Name: django_migrations; Type: TABLE; Schema: public; Owner: postgres
--

CREATE TABLE public.django_migrations (
    id bigint NOT NULL,
    app character varying(255) NOT NULL,
    name character varying(255) NOT NULL,
    applied timestamp with time zone NOT NULL
);


ALTER TABLE public.django_migrations OWNER TO postgres;

--
-- Name: django_migrations_id_seq; Type: SEQUENCE; Schema: public; Owner: postgres
--

ALTER TABLE public.django_migrations ALTER COLUMN id ADD GENERATED BY DEFAULT AS IDENTITY (
    SEQUENCE NAME public.django_migrations_id_seq
    START WITH 1
    INCREMENT BY 1
    NO MINVALUE
    NO MAXVALUE
    CACHE 1
);


--
-- Name: django_session; Type: TABLE; Schema: public; Owner: postgres
--

CREATE TABLE public.django_session (
    session_key character varying(40) NOT NULL,
    session_data text NOT NULL,
    expire_date timestamp with time zone NOT NULL
);


ALTER TABLE public.django_session OWNER TO postgres;

--
-- Name: django_site; Type: TABLE; Schema: public; Owner: postgres
--

CREATE TABLE public.django_site (
    id integer NOT NULL,
    domain character varying(100) NOT NULL,
    name character varying(50) NOT NULL
);


ALTER TABLE public.django_site OWNER TO postgres;

--
-- Name: django_site_id_seq; Type: SEQUENCE; Schema: public; Owner: postgres
--

ALTER TABLE public.django_site ALTER COLUMN id ADD GENERATED BY DEFAULT AS IDENTITY (
    SEQUENCE NAME public.django_site_id_seq
    START WITH 1
    INCREMENT BY 1
    NO MINVALUE
    NO MAXVALUE
    CACHE 1
);


--
-- Name: messaging_conversation; Type: TABLE; Schema: public; Owner: postgres
--

CREATE TABLE public.messaging_conversation (
    id bigint NOT NULL,
    created_at timestamp with time zone NOT NULL,
    updated_at timestamp with time zone NOT NULL
);


ALTER TABLE public.messaging_conversation OWNER TO postgres;

--
-- Name: messaging_conversation_id_seq; Type: SEQUENCE; Schema: public; Owner: postgres
--

ALTER TABLE public.messaging_conversation ALTER COLUMN id ADD GENERATED BY DEFAULT AS IDENTITY (
    SEQUENCE NAME public.messaging_conversation_id_seq
    START WITH 1
    INCREMENT BY 1
    NO MINVALUE
    NO MAXVALUE
    CACHE 1
);


--
-- Name: messaging_conversation_participants; Type: TABLE; Schema: public; Owner: postgres
--

CREATE TABLE public.messaging_conversation_participants (
    id bigint NOT NULL,
    conversation_id bigint NOT NULL,
    customuser_id bigint NOT NULL
);


ALTER TABLE public.messaging_conversation_participants OWNER TO postgres;

--
-- Name: messaging_conversation_participants_id_seq; Type: SEQUENCE; Schema: public; Owner: postgres
--

ALTER TABLE public.messaging_conversation_participants ALTER COLUMN id ADD GENERATED BY DEFAULT AS IDENTITY (
    SEQUENCE NAME public.messaging_conversation_participants_id_seq
    START WITH 1
    INCREMENT BY 1
    NO MINVALUE
    NO MAXVALUE
    CACHE 1
);


--
-- Name: messaging_conversationaisettings; Type: TABLE; Schema: public; Owner: postgres
--

CREATE TABLE public.messaging_conversationaisettings (
    id bigint NOT NULL,
    ai_mode character varying(10) NOT NULL,
    created_at timestamp with time zone NOT NULL,
    updated_at timestamp with time zone NOT NULL,
    fake_user_id bigint NOT NULL,
    real_user_id bigint NOT NULL
);


ALTER TABLE public.messaging_conversationaisettings OWNER TO postgres;

--
-- Name: messaging_conversationaisettings_id_seq; Type: SEQUENCE; Schema: public; Owner: postgres
--

ALTER TABLE public.messaging_conversationaisettings ALTER COLUMN id ADD GENERATED BY DEFAULT AS IDENTITY (
    SEQUENCE NAME public.messaging_conversationaisettings_id_seq
    START WITH 1
    INCREMENT BY 1
    NO MINVALUE
    NO MAXVALUE
    CACHE 1
);


--
-- Name: messaging_message; Type: TABLE; Schema: public; Owner: postgres
--

CREATE TABLE public.messaging_message (
    id bigint NOT NULL,
    content text NOT NULL,
    "timestamp" timestamp with time zone NOT NULL,
    is_read boolean NOT NULL,
    recipient_id bigint NOT NULL,
    sender_id bigint NOT NULL,
    image character varying(100),
    conversation_id bigint
);


ALTER TABLE public.messaging_message OWNER TO postgres;

--
-- Name: messaging_message_id_seq; Type: SEQUENCE; Schema: public; Owner: postgres
--

ALTER TABLE public.messaging_message ALTER COLUMN id ADD GENERATED BY DEFAULT AS IDENTITY (
    SEQUENCE NAME public.messaging_message_id_seq
    START WITH 1
    INCREMENT BY 1
    NO MINVALUE
    NO MAXVALUE
    CACHE 1
);


--
-- Name: socialaccount_socialaccount; Type: TABLE; Schema: public; Owner: postgres
--

CREATE TABLE public.socialaccount_socialaccount (
    id integer NOT NULL,
    provider character varying(200) NOT NULL,
    uid character varying(191) NOT NULL,
    last_login timestamp with time zone NOT NULL,
    date_joined timestamp with time zone NOT NULL,
    extra_data jsonb NOT NULL,
    user_id bigint NOT NULL
);


ALTER TABLE public.socialaccount_socialaccount OWNER TO postgres;

--
-- Name: socialaccount_socialaccount_id_seq; Type: SEQUENCE; Schema: public; Owner: postgres
--

ALTER TABLE public.socialaccount_socialaccount ALTER COLUMN id ADD GENERATED BY DEFAULT AS IDENTITY (
    SEQUENCE NAME public.socialaccount_socialaccount_id_seq
    START WITH 1
    INCREMENT BY 1
    NO MINVALUE
    NO MAXVALUE
    CACHE 1
);


--
-- Name: socialaccount_socialapp; Type: TABLE; Schema: public; Owner: postgres
--

CREATE TABLE public.socialaccount_socialapp (
    id integer NOT NULL,
    provider character varying(30) NOT NULL,
    name character varying(40) NOT NULL,
    client_id character varying(191) NOT NULL,
    secret character varying(191) NOT NULL,
    key character varying(191) NOT NULL,
    provider_id character varying(200) NOT NULL,
    settings jsonb NOT NULL
);


ALTER TABLE public.socialaccount_socialapp OWNER TO postgres;

--
-- Name: socialaccount_socialapp_id_seq; Type: SEQUENCE; Schema: public; Owner: postgres
--

ALTER TABLE public.socialaccount_socialapp ALTER COLUMN id ADD GENERATED BY DEFAULT AS IDENTITY (
    SEQUENCE NAME public.socialaccount_socialapp_id_seq
    START WITH 1
    INCREMENT BY 1
    NO MINVALUE
    NO MAXVALUE
    CACHE 1
);


--
-- Name: socialaccount_socialapp_sites; Type: TABLE; Schema: public; Owner: postgres
--

CREATE TABLE public.socialaccount_socialapp_sites (
    id bigint NOT NULL,
    socialapp_id integer NOT NULL,
    site_id integer NOT NULL
);


ALTER TABLE public.socialaccount_socialapp_sites OWNER TO postgres;

--
-- Name: socialaccount_socialapp_sites_id_seq; Type: SEQUENCE; Schema: public; Owner: postgres
--

ALTER TABLE public.socialaccount_socialapp_sites ALTER COLUMN id ADD GENERATED BY DEFAULT AS IDENTITY (
    SEQUENCE NAME public.socialaccount_socialapp_sites_id_seq
    START WITH 1
    INCREMENT BY 1
    NO MINVALUE
    NO MAXVALUE
    CACHE 1
);


--
-- Name: socialaccount_socialtoken; Type: TABLE; Schema: public; Owner: postgres
--

CREATE TABLE public.socialaccount_socialtoken (
    id integer NOT NULL,
    token text NOT NULL,
    token_secret text NOT NULL,
    expires_at timestamp with time zone,
    account_id integer NOT NULL,
    app_id integer
);


ALTER TABLE public.socialaccount_socialtoken OWNER TO postgres;

--
-- Name: socialaccount_socialtoken_id_seq; Type: SEQUENCE; Schema: public; Owner: postgres
--

ALTER TABLE public.socialaccount_socialtoken ALTER COLUMN id ADD GENERATED BY DEFAULT AS IDENTITY (
    SEQUENCE NAME public.socialaccount_socialtoken_id_seq
    START WITH 1
    INCREMENT BY 1
    NO MINVALUE
    NO MAXVALUE
    CACHE 1
);


--
-- Data for Name: account_emailaddress; Type: TABLE DATA; Schema: public; Owner: postgres
--

COPY public.account_emailaddress (id, email, verified, "primary", user_id) FROM stdin;
5	user1@localhost	f	t	44
6	newreal10@localhost	f	t	46
7	realfinal@localhost	f	t	47
8	user15@localhost	f	t	48
9	realuser13@localhost	f	t	49
10	realfinal99@localhost	f	t	50
\.


--
-- Data for Name: account_emailconfirmation; Type: TABLE DATA; Schema: public; Owner: postgres
--

COPY public.account_emailconfirmation (id, created, sent, key, email_address_id) FROM stdin;
\.


--
-- Data for Name: accounts_customuser; Type: TABLE DATA; Schema: public; Owner: postgres
--

COPY public.accounts_customuser (id, password, last_login, is_superuser, username, first_name, last_name, email, is_staff, is_active, date_joined, is_fake, ai_personality_prompt, coin_balance, assigned_moderator_id, moderator_notes, can_use_ai_assist, birth_date, city, country, postal_code, state, about_me, gender, seeking) FROM stdin;
44	pbkdf2_sha256$1000000$HQTotzV3LumxKEjZe0Dfvz$oFijZ1tEhxoPVKMNfq4GJeAtOIbnkWUXhlMB+lBqsOw=	2025-04-20 19:32:17.679711+07	f	UserReg1			user1@localhost	f	t	2025-04-20 19:32:16.725037+07	f	\N	25	\N	\N	f	\N	\N	\N	\N	\N	\N	\N	\N
46	pbkdf2_sha256$1000000$Agpn9ZsLVAFAazBVm515d6$yehRiKa8WUv4rBGU7e/eYwLkEAxY2tzZ2Et20zlJNxc=	2025-04-20 21:12:57.828769+07	f	NewRealUser10			newreal10@localhost	f	t	2025-04-20 21:12:56.856315+07	f	\N	25	\N	\N	f	\N	\N	\N	\N	\N	\N	\N	\N
48	pbkdf2_sha256$1000000$N2e7mTKaF7MTfEW4YHZsRV$JxfaUjMNyATQr2AaTptBb2BvF3s+y1RBZONRjPYaq1s=	2025-04-20 21:49:24.728229+07	f	newrealuser15			user15@localhost	f	t	2025-04-20 21:49:23.766095+07	f	\N	25	\N	\N	f	\N	\N	\N	\N	\N	\N	\N	\N
50	pbkdf2_sha256$1000000$oL1Xm9m3wYkLztKZ2HlVgx$jxG2WfBFBuuT6lCU7fgV0A6dtH5+s64FzFRD9iUmfxA=	2025-04-23 00:02:15.687482+07	f	FinalTestUser99			realfinal99@localhost	f	t	2025-04-20 22:03:35.391775+07	f	\N	25	\N	\N	f	\N	Berlin	Deutschland	10317	Berlin	ICh bin der Oberhonk hier	MALE	FEMALE
1	pbkdf2_sha256$1000000$FIzK3t89ZMK9FD2WFffdWz$4ZTz7QUzEUi3kqOLyYYRwyzQP73DfmTQjUm6a/EgT60=	2025-04-22 23:01:57.649903+07	t	daniel			daniel@ballendat.net	t	t	2025-04-05 22:57:36+07	f		15	\N	-update!	t	\N	\N	\N	\N	\N	\N	\N	\N
43	pbkdf2_sha256$1000000$LHTEuyHXMxkmm9R8OuqaPi$Hoa1+SdVBiH/oDtc3zn5eKeVWRnFz7rdQtWtykjT29c=	2025-04-20 17:16:22.991247+07	f	TestModerator				t	t	2025-04-20 16:50:05+07	f		25	\N		t	\N	\N	\N	\N	\N		\N	\N
45	pbkdf2_sha256$1000000$pon92YISOVo0XTNg5dTGWa$NWX+QnBzNegDJLEMawdDT0+gtkJp4jeRFYmVLaAxtYc=	\N	f	TestUserDirect			direct@test.com	f	t	2025-04-20 21:01:15.048335+07	f	\N	25	\N	\N	f	\N	\N	\N	\N	\N	\N	\N	\N
47	pbkdf2_sha256$1000000$pXy3l8tIUj7XIgsaLlB25Y$Atum4hHr9mj/xjAd1QmE6wfoXb4jWG4GbpN3Kb1Z6EM=	2025-04-20 21:47:39.448655+07	f	NewRealUserFINAL			realfinal@localhost	f	t	2025-04-20 21:47:38.434622+07	f	\N	25	\N	\N	f	\N	\N	\N	\N	\N	\N	\N	\N
49	pbkdf2_sha256$1000000$9XODOwZ7cB7uD0c9jybI7q$s40WM/dExgKVlT2ZDnF/f8Vhmpwe0z/3z1+KHb1AZJk=	2025-04-20 21:58:47.653868+07	f	NewRealUser13			realuser13@localhost	f	t	2025-04-20 21:58:46.68808+07	f	\N	25	\N	\N	f	\N	\N	\N	\N	\N	\N	\N	\N
41	pbkdf2_sha256$1000000$Y2lqplOeGMfdNIleoWO4Fp$LUtBt2q9o2kFfb60Wc57FTV+5/gQNaNiHYypLS7+qMo=	2025-04-21 18:58:49.92919+07	f	TestRealUser				f	t	2025-04-20 13:48:49.479078+07	f	\N	25	\N	\N	f	\N	Berlin	DE	10317	Berlin	Ich bin der OBERHONK!	\N	\N
42	pbkdf2_sha256$1000000$SdApzCR4MiE3zfVUp8Xrgg$7zRCVHfir6t4g3NRPyQmJsR8ecSW0SxAIeWOouUZW94=	\N	f	TestFakeUser				f	t	2025-04-20 16:47:05+07	t		25	43		f	\N	Berlin	Deutschland	10317	Berlin		FEMALE	MALE
1000	pbkdf2_sha256$1000000$bWGSl5wKV4mTadg6BirgIS$PGIXDj9+AVFLqb3pO119gmm1yvwP9YDgY19T0DI432U=	\N	f	FakeBerlinerin_1				f	t	2025-04-22 23:59:46.046707+07	t	\N	25	\N	\N	f	1982-07-05	Berlin	\N	\N	Berlin	Ich bin die 1. Test-Frau aus Berlin.	FEMALE	MALE
1001	pbkdf2_sha256$1000000$bWGSl5wKV4mTadg6BirgIS$PGIXDj9+AVFLqb3pO119gmm1yvwP9YDgY19T0DI432U=	\N	f	FakeBerlinerin_2				f	t	2025-04-22 23:59:46.052594+07	t	\N	25	\N	\N	f	1999-06-12	Berlin	\N	\N	Berlin	Ich bin die 2. Test-Frau aus Berlin.	FEMALE	MALE
1002	pbkdf2_sha256$1000000$bWGSl5wKV4mTadg6BirgIS$PGIXDj9+AVFLqb3pO119gmm1yvwP9YDgY19T0DI432U=	\N	f	FakeBerlinerin_3				f	t	2025-04-22 23:59:46.054257+07	t	\N	25	\N	\N	f	1975-04-16	Berlin	\N	\N	Berlin	Ich bin die 3. Test-Frau aus Berlin.	FEMALE	MALE
\.


--
-- Data for Name: accounts_customuser_groups; Type: TABLE DATA; Schema: public; Owner: postgres
--

COPY public.accounts_customuser_groups (id, customuser_id, group_id) FROM stdin;
\.


--
-- Data for Name: accounts_customuser_user_permissions; Type: TABLE DATA; Schema: public; Owner: postgres
--

COPY public.accounts_customuser_user_permissions (id, customuser_id, permission_id) FROM stdin;
\.


--
-- Data for Name: accounts_profilelike; Type: TABLE DATA; Schema: public; Owner: postgres
--

COPY public.accounts_profilelike (id, "timestamp", liked_user_id, liker_id) FROM stdin;
\.


--
-- Data for Name: accounts_userprofileimage; Type: TABLE DATA; Schema: public; Owner: postgres
--

COPY public.accounts_userprofileimage (id, image, uploaded_at, user_id, is_approved) FROM stdin;
2	profile_pics/ab67706c0000bebb5608269dcc168cfe25b00314.jpg	2025-04-11 21:05:48.994836+07	1	t
8	profile_pics/ich.jpg	2025-04-21 17:16:25.927846+07	41	t
9	profile_pics/images.jpg	2025-04-21 17:30:08.069337+07	41	t
11	profile_pics/bb.jpg	2025-04-21 17:42:15.792251+07	41	f
\.


--
-- Data for Name: auth_group; Type: TABLE DATA; Schema: public; Owner: postgres
--

COPY public.auth_group (id, name) FROM stdin;
\.


--
-- Data for Name: auth_group_permissions; Type: TABLE DATA; Schema: public; Owner: postgres
--

COPY public.auth_group_permissions (id, group_id, permission_id) FROM stdin;
\.


--
-- Data for Name: auth_permission; Type: TABLE DATA; Schema: public; Owner: postgres
--

COPY public.auth_permission (id, name, content_type_id, codename) FROM stdin;
1	Can add log entry	1	add_logentry
2	Can change log entry	1	change_logentry
3	Can delete log entry	1	delete_logentry
4	Can view log entry	1	view_logentry
5	Can add permission	2	add_permission
6	Can change permission	2	change_permission
7	Can delete permission	2	delete_permission
8	Can view permission	2	view_permission
9	Can add group	3	add_group
10	Can change group	3	change_group
11	Can delete group	3	delete_group
12	Can view group	3	view_group
13	Can add user	4	add_user
14	Can change user	4	change_user
15	Can delete user	4	delete_user
16	Can view user	4	view_user
17	Can add content type	5	add_contenttype
18	Can change content type	5	change_contenttype
19	Can delete content type	5	delete_contenttype
20	Can view content type	5	view_contenttype
21	Can add session	6	add_session
22	Can change session	6	change_session
23	Can delete session	6	delete_session
24	Can view session	6	view_session
25	Can add user	7	add_customuser
26	Can change user	7	change_customuser
27	Can delete user	7	delete_customuser
28	Can view user	7	view_customuser
29	Can add message	8	add_message
30	Can change message	8	change_message
31	Can delete message	8	delete_message
32	Can view message	8	view_message
33	Can add site	9	add_site
34	Can change site	9	change_site
35	Can delete site	9	delete_site
36	Can view site	9	view_site
37	Can add Token	10	add_token
38	Can change Token	10	change_token
39	Can delete Token	10	delete_token
40	Can view Token	10	view_token
41	Can add Token	11	add_tokenproxy
42	Can change Token	11	change_tokenproxy
43	Can delete Token	11	delete_tokenproxy
44	Can view Token	11	view_tokenproxy
45	Can add email address	12	add_emailaddress
46	Can change email address	12	change_emailaddress
47	Can delete email address	12	delete_emailaddress
48	Can view email address	12	view_emailaddress
49	Can add email confirmation	13	add_emailconfirmation
50	Can change email confirmation	13	change_emailconfirmation
51	Can delete email confirmation	13	delete_emailconfirmation
52	Can view email confirmation	13	view_emailconfirmation
53	Can add social account	14	add_socialaccount
54	Can change social account	14	change_socialaccount
55	Can delete social account	14	delete_socialaccount
56	Can view social account	14	view_socialaccount
57	Can add social application	15	add_socialapp
58	Can change social application	15	change_socialapp
59	Can delete social application	15	delete_socialapp
60	Can view social application	15	view_socialapp
61	Can add social application token	16	add_socialtoken
62	Can change social application token	16	change_socialtoken
63	Can delete social application token	16	delete_socialtoken
64	Can view social application token	16	view_socialtoken
65	Can add user profile image	17	add_userprofileimage
66	Can change user profile image	17	change_userprofileimage
67	Can delete user profile image	17	delete_userprofileimage
68	Can view user profile image	17	view_userprofileimage
69	Can add Conversation AI Setting	18	add_conversationaisettings
70	Can change Conversation AI Setting	18	change_conversationaisettings
71	Can delete Conversation AI Setting	18	delete_conversationaisettings
72	Can view Conversation AI Setting	18	view_conversationaisettings
73	Can add completed task	19	add_completedtask
74	Can change completed task	19	change_completedtask
75	Can delete completed task	19	delete_completedtask
76	Can view completed task	19	view_completedtask
77	Can add task	20	add_task
78	Can change task	20	change_task
79	Can delete task	20	delete_task
80	Can view task	20	view_task
81	Can add Conversation	21	add_conversation
82	Can change Conversation	21	change_conversation
83	Can delete Conversation	21	delete_conversation
84	Can view Conversation	21	view_conversation
85	Can add Profile Like	22	add_profilelike
86	Can change Profile Like	22	change_profilelike
87	Can delete Profile Like	22	delete_profilelike
88	Can view Profile Like	22	view_profilelike
\.


--
-- Data for Name: auth_user; Type: TABLE DATA; Schema: public; Owner: postgres
--

COPY public.auth_user (id, password, last_login, is_superuser, username, first_name, last_name, email, is_staff, is_active, date_joined) FROM stdin;
1	pbkdf2_sha256$1000000$Omd5pKm5CzpTBXL91fN7Ad$EYXk1GTx5OrMX4rcoiCQ/pS9EW8BbWL56SSbIQyZVtw=	2025-04-05 22:41:30.972643+07	t	daniel			daniel@ballendat.net	t	t	2025-04-05 22:40:13.764557+07
\.


--
-- Data for Name: auth_user_groups; Type: TABLE DATA; Schema: public; Owner: postgres
--

COPY public.auth_user_groups (id, user_id, group_id) FROM stdin;
\.


--
-- Data for Name: auth_user_user_permissions; Type: TABLE DATA; Schema: public; Owner: postgres
--

COPY public.auth_user_user_permissions (id, user_id, permission_id) FROM stdin;
\.


--
-- Data for Name: authtoken_token; Type: TABLE DATA; Schema: public; Owner: postgres
--

COPY public.authtoken_token (key, created, user_id) FROM stdin;
e3b2ca3352c3a6ad6084df096148df64f6b9992c	2025-04-06 20:42:17.397378+07	1
fec52503c4923ee39ff0801bfc099b4a567f2253	2025-04-20 16:54:25.748248+07	41
2172aeb76d9e2fe414a008cb9244b454cda0eb9d	2025-04-20 17:02:26.662827+07	43
c4da550df4fff456c7456506e0d337684edd195e	2025-04-20 19:32:17.672325+07	44
a9ebdb26b723df4268900f5c26c81ec30a2c3be0	2025-04-20 21:12:57.821621+07	46
6eca9c9bf123bce1ea2b195ae0cc39ca6fd5e17f	2025-04-20 21:47:39.442426+07	47
c8e83a21f4b4cc56bd14bfc6592a91d4c5b5ed2b	2025-04-20 21:49:24.722179+07	48
40c595faa52fd5d12500830edab30956997f1c63	2025-04-20 21:58:47.64528+07	49
f7de721ee8a63393263457fe01b1390e928c69ac	2025-04-20 22:03:36.364313+07	50
\.


--
-- Data for Name: background_task; Type: TABLE DATA; Schema: public; Owner: postgres
--

COPY public.background_task (id, task_name, task_params, task_hash, verbose_name, priority, run_at, repeat, repeat_until, queue, attempts, failed_at, last_error, locked_by, locked_at, creator_object_id, creator_content_type_id) FROM stdin;
10	dummy.test.save.5	[[], {}]		\N	0	2025-04-19 16:51:45.0983+07	0	\N	\N	0	\N		\N	\N	\N	\N
\.


--
-- Data for Name: background_task_completedtask; Type: TABLE DATA; Schema: public; Owner: postgres
--

COPY public.background_task_completedtask (id, task_name, task_params, task_hash, verbose_name, priority, run_at, repeat, repeat_until, queue, attempts, failed_at, last_error, locked_by, locked_at, creator_object_id, creator_content_type_id) FROM stdin;
1	messaging.tasks.generate_and_send_ai_reply	[[5, 2], {}]	c5498e8c517d09c9f6fe960d541cfe9e9d5bf02c	\N	0	2025-04-12 15:30:44.318856+07	0	\N	\N	1	\N		14500	2025-04-12 15:30:41.23694+07	\N	\N
2	accounts.tasks.mass_like_nearby_males	[[14], {}]	27cf89bd37d408508747857563549525e546874f	\N	0	2025-04-19 14:33:29.664187+07	0	\N	\N	1	\N		19560	2025-04-19 14:33:29.656653+07	\N	\N
3	accounts.tasks.mass_like_nearby_males	[[14], {}]	27cf89bd37d408508747857563549525e546874f	\N	0	2025-04-19 14:52:50.916625+07	0	\N	\N	1	\N		19560	2025-04-19 14:52:50.887862+07	\N	\N
4	accounts.tasks.simple_test_task	[["Hallo Welt Test"], {}]	90ee2818cd34556ed6d40d25ff4847f01a722dd5	\N	0	2025-04-19 15:48:14.602521+07	0	\N	\N	1	\N		7416	2025-04-19 15:48:14.597756+07	\N	\N
5	accounts.tasks.simple_test_task	[["Zweiter Test aus Shell"], {}]	a194219a2713fc7e671edbb3788d7a1f9cd8d0b6	\N	0	2025-04-19 16:07:10.099211+07	0	\N	\N	1	\N		18876	2025-04-19 16:07:10.092404+07	\N	\N
6	accounts.tasks.mass_like_nearby_males	[[14], {}]	27cf89bd37d408508747857563549525e546874f	\N	0	2025-04-19 16:15:06.528607+07	0	\N	\N	1	\N		21380	2025-04-19 16:15:06.516498+07	\N	\N
7	accounts.tasks.mass_like_nearby_males	[[8], {}]	24d8a48486e21460051697a3310b500c6fc74d76	\N	0	2025-04-19 16:25:20.937411+07	0	\N	\N	1	\N		21380	2025-04-19 16:25:20.91478+07	\N	\N
8	accounts.tasks.mass_like_nearby_males	[[8], {}]	24d8a48486e21460051697a3310b500c6fc74d76	\N	0	2025-04-19 16:38:34.177364+07	0	\N	\N	1	\N		18876	2025-04-19 16:38:34.163925+07	\N	\N
9	accounts.tasks.mass_like_nearby_males	[[8], {}]	24d8a48486e21460051697a3310b500c6fc74d76	\N	0	2025-04-19 16:44:53.959737+07	0	\N	\N	1	\N		18876	2025-04-19 16:44:53.945335+07	\N	\N
10	accounts.tasks.simple_test_task	[["Inspect Me Now"], {}]	e2326d0a7fccb29a5704d8498b13dbe22a66233f	\N	0	2025-04-19 17:00:21.038856+07	0	\N	\N	1	\N		18876	2025-04-19 17:00:21.033901+07	\N	\N
11	accounts.tasks.simple_test_task	[["Inspect Me Now"], {}]	e2326d0a7fccb29a5704d8498b13dbe22a66233f	\N	0	2025-04-19 17:03:10.215912+07	0	\N	\N	1	\N		18876	2025-04-19 17:03:10.211221+07	\N	\N
12	accounts.tasks.mass_like_nearby_males	[[14], {}]		Mass Like for Fake User 14 (fakeuser_8)	0	2025-04-19 18:31:30.719412+07	0	\N	\N	1	\N		18876	2025-04-19 18:31:30.706761+07	\N	\N
13	accounts.tasks.mass_like_nearby_males	[[14], {}]		Mass Like for Fake User 14 (fakeuser_8)	0	2025-04-19 19:26:30.870955+07	0	\N	\N	1	\N		18876	2025-04-19 19:26:30.859745+07	\N	\N
14	accounts.tasks.simple_test_task	[["Test after Admin Fix"], {}]	01867d3f94cd8cf78c78a591b455632475abb9ee	\N	0	2025-04-19 19:52:15.72949+07	0	\N	\N	1	\N		18876	2025-04-19 19:52:15.724669+07	\N	\N
15	messaging.tasks.generate_and_send_ai_reply	[[5, 2], {}]	c5498e8c517d09c9f6fe960d541cfe9e9d5bf02c	\N	0	2025-04-19 21:54:01.944517+07	0	\N	\N	1	\N		18876	2025-04-19 21:53:59.467985+07	\N	\N
16	messaging.tasks.generate_and_send_ai_reply	[[41, 42], {}]	6a182fe7c00ea4ec6c34d97c135506878dcf9c51	\N	0	2025-04-20 17:17:38.814938+07	0	\N	\N	1	\N		21952	2025-04-20 17:17:36.469605+07	\N	\N
\.


--
-- Data for Name: django_admin_log; Type: TABLE DATA; Schema: public; Owner: postgres
--

COPY public.django_admin_log (id, action_time, object_id, object_repr, action_flag, change_message, content_type_id, user_id) FROM stdin;
1	2025-04-05 23:39:49.708827+07	2	MariaNo1	1	[{"added": {}}]	7	1
2	2025-04-06 00:46:35.956432+07	1	daniel	2	[{"changed": {"fields": ["Coin balance"]}}]	7	1
3	2025-04-09 01:54:06.580466+07	2	MariaNo1	2	[{"changed": {"fields": ["Assigned moderator"]}}]	7	1
4	2025-04-10 14:59:00.744283+07	1	Image for daniel (ID: 1, Approved: False)	1	[{"added": {}}]	17	1
5	2025-04-10 15:02:55.219999+07	1	Image for daniel (ID: 1, Approved: True)	2	[{"changed": {"fields": ["Is approved"]}}]	17	1
6	2025-04-11 01:50:08.071728+07	6	testohnestaff	1	[{"added": {}}]	7	1
7	2025-04-11 01:56:41.593997+07	6	testohnestaff	2	[{"changed": {"fields": ["Staff status"]}}]	7	1
8	2025-04-11 02:22:06.936385+07	2	MariaNo1	2	[{"changed": {"fields": ["Assigned moderator"]}}]	7	1
9	2025-04-12 02:29:40.644582+07	6	testohnestaff	2	[{"changed": {"fields": ["Can use ai assist"]}}]	7	1
10	2025-04-12 02:32:05.59173+07	1	AI Settings for daniel <-> MariaNo1: AI Assisted Replies	1	[{"added": {}}]	18	1
11	2025-04-12 02:34:58.440382+07	1	AI Settings for FinalTestUser <-> MariaNo1: AI Assisted Replies	2	[{"changed": {"fields": ["Real User"]}}]	18	1
12	2025-04-12 02:38:10.48508+07	2	MariaNo1	2	[{"changed": {"fields": ["Ai personality prompt"]}}]	7	1
13	2025-04-12 03:27:27.640248+07	1	daniel	2	[{"changed": {"fields": ["Can use ai assist"]}}]	7	1
14	2025-04-12 15:26:08.549705+07	1	AI Settings for FinalTestUser <-> MariaNo1: AI Automatic Replies	2	[{"changed": {"fields": ["AI Mode"]}}]	18	1
15	2025-04-12 17:42:27.99065+07	2	Image for daniel (ID: 2, Approved: True)	2	[{"changed": {"fields": ["Is approved"]}}]	17	1
16	2025-04-18 15:25:47.519248+07	14	fakeuser_8	2	[{"changed": {"fields": ["Assigned moderator"]}}]	7	1
17	2025-04-18 20:01:53.227061+07	38	System	2	[{"changed": {"fields": ["Email address", "Active"]}}]	7	1
18	2025-04-19 13:43:41.726346+07	4	Image for testuser2 (ID: 4, Approved: True)	2	[{"changed": {"fields": ["Is approved"]}}]	17	1
19	2025-04-19 13:43:41.729546+07	5	Image for testuser2 (ID: 5, Approved: True)	2	[{"changed": {"fields": ["Is approved"]}}]	17	1
20	2025-04-19 13:43:41.731502+07	6	Image for testuser2 (ID: 6, Approved: True)	2	[{"changed": {"fields": ["Is approved"]}}]	17	1
21	2025-04-19 13:43:41.733465+07	7	Image for testuser2 (ID: 7, Approved: True)	2	[{"changed": {"fields": ["Is approved"]}}]	17	1
22	2025-04-19 14:46:30.740838+07	14	fakeuser_8	2	[{"changed": {"fields": ["Postal Code"]}}]	7	1
23	2025-04-19 14:48:37.150442+07	8	fakeuser_2	2	[{"changed": {"fields": ["Postal Code"]}}]	7	1
24	2025-04-19 14:49:12.988972+07	12	fakeuser_6	2	[{"changed": {"fields": ["Postal Code"]}}]	7	1
25	2025-04-19 14:49:45.011358+07	13	fakeuser_7	2	[{"changed": {"fields": ["Postal Code"]}}]	7	1
26	2025-04-19 19:09:33.770598+07	39	testadmincreate	1	[{"added": {}}]	7	1
27	2025-04-19 19:17:24.487921+07	38	System	3		7	1
28	2025-04-19 19:19:15.483332+07	40	System	1	[{"added": {}}]	7	1
29	2025-04-19 19:21:05.081031+07	40	System	2	[{"changed": {"fields": ["Active"]}}]	7	1
30	2025-04-19 21:03:29.513779+07	5	FinalTestUser	2	[{"changed": {"fields": ["password"]}}]	7	1
31	2025-04-19 21:05:34.11371+07	5	FinalTestUser	2	[{"changed": {"fields": ["Gender", "Seeking"]}}]	7	1
32	2025-04-20 12:36:32.731357+07	2	AI Settings for daniel <-> MariaNo1: AI Automatic Replies	1	[{"added": {}}]	18	1
33	2025-04-20 12:43:10.649271+07	16	fakeuser_10	3		7	1
34	2025-04-20 12:43:10.649314+07	17	fakeuser_11	3		7	1
35	2025-04-20 12:43:10.649332+07	18	fakeuser_12	3		7	1
36	2025-04-20 12:43:10.649347+07	19	fakeuser_13	3		7	1
37	2025-04-20 12:43:10.64936+07	20	fakeuser_14	3		7	1
38	2025-04-20 12:43:10.649373+07	21	fakeuser_15	3		7	1
39	2025-04-20 12:43:10.649386+07	22	fakeuser_16	3		7	1
40	2025-04-20 12:43:10.649399+07	23	fakeuser_17	3		7	1
41	2025-04-20 12:43:10.649411+07	24	fakeuser_18	3		7	1
42	2025-04-20 12:43:10.649424+07	25	fakeuser_19	3		7	1
43	2025-04-20 12:43:10.649437+07	8	fakeuser_2	3		7	1
44	2025-04-20 12:43:10.649449+07	26	fakeuser_20	3		7	1
45	2025-04-20 12:43:10.649462+07	27	fakeuser_21	3		7	1
46	2025-04-20 12:43:10.649474+07	28	fakeuser_22	3		7	1
47	2025-04-20 12:43:10.649488+07	29	fakeuser_23	3		7	1
48	2025-04-20 12:43:10.649501+07	30	fakeuser_24	3		7	1
49	2025-04-20 12:43:10.649514+07	31	fakeuser_25	3		7	1
50	2025-04-20 12:43:10.649526+07	32	fakeuser_26	3		7	1
51	2025-04-20 12:43:10.649538+07	33	fakeuser_27	3		7	1
52	2025-04-20 12:43:10.649555+07	34	fakeuser_28	3		7	1
53	2025-04-20 12:43:10.649567+07	35	fakeuser_29	3		7	1
54	2025-04-20 12:43:10.64958+07	9	fakeuser_3	3		7	1
55	2025-04-20 12:43:10.649592+07	36	fakeuser_30	3		7	1
56	2025-04-20 12:43:10.649604+07	37	fakeuser_31	3		7	1
57	2025-04-20 12:43:10.649617+07	10	fakeuser_4	3		7	1
58	2025-04-20 12:43:10.64963+07	11	fakeuser_5	3		7	1
59	2025-04-20 12:43:10.649642+07	12	fakeuser_6	3		7	1
60	2025-04-20 12:43:10.649654+07	13	fakeuser_7	3		7	1
61	2025-04-20 12:43:10.649666+07	14	fakeuser_8	3		7	1
62	2025-04-20 12:43:10.649679+07	15	fakeuser_9	3		7	1
63	2025-04-20 12:43:10.649691+07	5	FinalTestUser	3		7	1
64	2025-04-20 12:43:10.649703+07	3	LisaNr2	3		7	1
65	2025-04-20 12:43:10.649715+07	4	LucyNr3	3		7	1
66	2025-04-20 12:43:10.649728+07	2	MariaNo1	3		7	1
67	2025-04-20 12:43:10.64974+07	40	System	3		7	1
68	2025-04-20 12:43:10.649752+07	39	testadmincreate	3		7	1
69	2025-04-20 12:43:10.649765+07	6	testohnestaff	3		7	1
70	2025-04-20 12:43:10.649776+07	7	testuser2	3		7	1
71	2025-04-20 12:45:14.561749+07	1	From daniel to MariaNo1 at 2025-04-05 17:52	3		8	1
72	2025-04-20 12:45:14.561801+07	2	From daniel to MariaNo1 at 2025-04-08 13:45	3		8	1
73	2025-04-20 12:45:14.561829+07	3	From MariaNo1 to daniel at 2025-04-10 18:05	3		8	1
74	2025-04-20 12:45:14.561853+07	4	From MariaNo1 to daniel at 2025-04-10 19:28	3		8	1
75	2025-04-20 12:45:14.561875+07	5	From MariaNo1 to daniel at 2025-04-11 06:06	3		8	1
76	2025-04-20 12:45:14.561897+07	6	From FinalTestUser to MariaNo1 at 2025-04-12 08:29	3		8	1
77	2025-04-20 12:45:14.561918+07	7	From MariaNo1 to FinalTestUser at 2025-04-12 08:30	3		8	1
78	2025-04-20 12:45:14.561938+07	8	From MariaNo1 to FinalTestUser at 2025-04-14 11:58	3		8	1
79	2025-04-20 12:45:14.561959+07	9	From MariaNo1 to FinalTestUser at 2025-04-14 13:26	3		8	1
80	2025-04-20 12:45:14.56198+07	10	From MariaNo1 to FinalTestUser at 2025-04-14 13:31	3		8	1
81	2025-04-20 12:45:14.562003+07	11	From MariaNo1 to daniel at 2025-04-15 12:59	3		8	1
82	2025-04-20 12:45:14.562024+07	12	From testuser2 to fakeuser_2 at 2025-04-18 08:16	3		8	1
83	2025-04-20 12:45:14.562044+07	13	From fakeuser_2 to testuser2 at 2025-04-18 08:30	3		8	1
84	2025-04-20 12:45:14.562066+07	14	From fakeuser_2 to testuser2 at 2025-04-18 10:47	3		8	1
85	2025-04-20 12:45:14.562087+07	15	From fakeuser_2 to testuser2 at 2025-04-18 11:31	3		8	1
86	2025-04-20 12:45:14.562107+07	16	From fakeuser_2 to testuser2 at 2025-04-18 11:48	3		8	1
87	2025-04-20 12:45:14.562126+07	20	From FinalTestUser to MariaNo1 at 2025-04-19 14:50	3		8	1
88	2025-04-20 12:45:14.562145+07	21	From MariaNo1 to FinalTestUser at 2025-04-19 14:54	3		8	1
89	2025-04-20 12:45:14.562165+07	22	From MariaNo1 to FinalTestUser at 2025-04-20 05:20	3		8	1
90	2025-04-20 12:45:29.986156+07	16	fakeuser_10	3		7	1
91	2025-04-20 12:45:29.986226+07	17	fakeuser_11	3		7	1
92	2025-04-20 12:45:29.986271+07	18	fakeuser_12	3		7	1
93	2025-04-20 12:45:29.986293+07	19	fakeuser_13	3		7	1
94	2025-04-20 12:45:29.986314+07	20	fakeuser_14	3		7	1
95	2025-04-20 12:45:29.986334+07	21	fakeuser_15	3		7	1
96	2025-04-20 12:45:29.986354+07	22	fakeuser_16	3		7	1
97	2025-04-20 12:45:29.986374+07	23	fakeuser_17	3		7	1
98	2025-04-20 12:45:29.986418+07	24	fakeuser_18	3		7	1
99	2025-04-20 12:45:29.986457+07	25	fakeuser_19	3		7	1
100	2025-04-20 12:45:29.986478+07	8	fakeuser_2	3		7	1
101	2025-04-20 12:45:29.986498+07	26	fakeuser_20	3		7	1
102	2025-04-20 12:45:29.986535+07	27	fakeuser_21	3		7	1
103	2025-04-20 12:45:29.986581+07	28	fakeuser_22	3		7	1
104	2025-04-20 12:45:29.98662+07	29	fakeuser_23	3		7	1
105	2025-04-20 12:45:29.986646+07	30	fakeuser_24	3		7	1
106	2025-04-20 12:45:29.986671+07	31	fakeuser_25	3		7	1
107	2025-04-20 12:45:29.98671+07	32	fakeuser_26	3		7	1
108	2025-04-20 12:45:29.98673+07	33	fakeuser_27	3		7	1
109	2025-04-20 12:45:29.986789+07	34	fakeuser_28	3		7	1
110	2025-04-20 12:45:29.986832+07	35	fakeuser_29	3		7	1
111	2025-04-20 12:45:29.986873+07	9	fakeuser_3	3		7	1
112	2025-04-20 12:45:29.986893+07	36	fakeuser_30	3		7	1
113	2025-04-20 12:45:29.986913+07	37	fakeuser_31	3		7	1
114	2025-04-20 12:45:29.986973+07	10	fakeuser_4	3		7	1
115	2025-04-20 12:45:29.986992+07	11	fakeuser_5	3		7	1
116	2025-04-20 12:45:29.987052+07	12	fakeuser_6	3		7	1
117	2025-04-20 12:45:29.987091+07	13	fakeuser_7	3		7	1
118	2025-04-20 12:45:29.98711+07	14	fakeuser_8	3		7	1
119	2025-04-20 12:45:29.987128+07	15	fakeuser_9	3		7	1
120	2025-04-20 12:45:29.987146+07	5	FinalTestUser	3		7	1
121	2025-04-20 12:45:29.987164+07	3	LisaNr2	3		7	1
122	2025-04-20 12:45:29.987182+07	4	LucyNr3	3		7	1
123	2025-04-20 12:45:29.987201+07	2	MariaNo1	3		7	1
124	2025-04-20 12:45:29.987219+07	40	System	3		7	1
125	2025-04-20 12:45:29.987237+07	39	testadmincreate	3		7	1
126	2025-04-20 12:45:29.987256+07	6	testohnestaff	3		7	1
127	2025-04-20 12:45:29.987275+07	7	testuser2	3		7	1
128	2025-04-20 12:45:55.039397+07	2	AI Settings for daniel <-> MariaNo1: AI Automatic Replies	3		18	1
129	2025-04-20 12:45:55.039488+07	1	AI Settings for FinalTestUser <-> MariaNo1: AI Automatic Replies	3		18	1
130	2025-04-20 12:47:05.253256+07	16	fakeuser_10	3		7	1
131	2025-04-20 12:47:05.253293+07	17	fakeuser_11	3		7	1
132	2025-04-20 12:47:05.253311+07	18	fakeuser_12	3		7	1
133	2025-04-20 12:47:05.253327+07	19	fakeuser_13	3		7	1
134	2025-04-20 12:47:05.253341+07	20	fakeuser_14	3		7	1
135	2025-04-20 12:47:05.253354+07	21	fakeuser_15	3		7	1
136	2025-04-20 12:47:05.253367+07	22	fakeuser_16	3		7	1
137	2025-04-20 12:47:05.25338+07	23	fakeuser_17	3		7	1
138	2025-04-20 12:47:05.253393+07	24	fakeuser_18	3		7	1
139	2025-04-20 12:47:05.253411+07	25	fakeuser_19	3		7	1
140	2025-04-20 12:47:05.253424+07	8	fakeuser_2	3		7	1
141	2025-04-20 12:47:05.253437+07	26	fakeuser_20	3		7	1
142	2025-04-20 12:47:05.253453+07	27	fakeuser_21	3		7	1
143	2025-04-20 12:47:05.253467+07	28	fakeuser_22	3		7	1
144	2025-04-20 12:47:05.25348+07	29	fakeuser_23	3		7	1
145	2025-04-20 12:47:05.253492+07	30	fakeuser_24	3		7	1
146	2025-04-20 12:47:05.253504+07	31	fakeuser_25	3		7	1
147	2025-04-20 12:47:05.253516+07	32	fakeuser_26	3		7	1
148	2025-04-20 12:47:05.253528+07	33	fakeuser_27	3		7	1
149	2025-04-20 12:47:05.25354+07	34	fakeuser_28	3		7	1
150	2025-04-20 12:47:05.253552+07	35	fakeuser_29	3		7	1
151	2025-04-20 12:47:05.253564+07	9	fakeuser_3	3		7	1
152	2025-04-20 12:47:05.253576+07	36	fakeuser_30	3		7	1
153	2025-04-20 12:47:05.253589+07	37	fakeuser_31	3		7	1
154	2025-04-20 12:47:05.253601+07	10	fakeuser_4	3		7	1
155	2025-04-20 12:47:05.253613+07	11	fakeuser_5	3		7	1
156	2025-04-20 12:47:05.253625+07	12	fakeuser_6	3		7	1
157	2025-04-20 12:47:05.253637+07	13	fakeuser_7	3		7	1
158	2025-04-20 12:47:05.253649+07	14	fakeuser_8	3		7	1
159	2025-04-20 12:47:05.25366+07	15	fakeuser_9	3		7	1
160	2025-04-20 12:47:05.253672+07	5	FinalTestUser	3		7	1
161	2025-04-20 12:47:05.253684+07	3	LisaNr2	3		7	1
162	2025-04-20 12:47:05.253696+07	4	LucyNr3	3		7	1
163	2025-04-20 12:47:05.253708+07	2	MariaNo1	3		7	1
164	2025-04-20 12:47:05.253721+07	40	System	3		7	1
165	2025-04-20 12:47:05.253733+07	39	testadmincreate	3		7	1
166	2025-04-20 12:47:05.253744+07	6	testohnestaff	3		7	1
167	2025-04-20 12:47:05.253756+07	7	testuser2	3		7	1
168	2025-04-20 12:54:17.674507+07	16	fakeuser_10	3		7	1
169	2025-04-20 12:54:17.674547+07	17	fakeuser_11	3		7	1
170	2025-04-20 12:54:17.67457+07	18	fakeuser_12	3		7	1
171	2025-04-20 12:54:17.674589+07	19	fakeuser_13	3		7	1
172	2025-04-20 12:54:17.674607+07	20	fakeuser_14	3		7	1
173	2025-04-20 12:54:17.674624+07	21	fakeuser_15	3		7	1
174	2025-04-20 12:54:17.674641+07	22	fakeuser_16	3		7	1
175	2025-04-20 12:54:17.674658+07	23	fakeuser_17	3		7	1
176	2025-04-20 12:54:17.674674+07	24	fakeuser_18	3		7	1
177	2025-04-20 12:54:17.67469+07	25	fakeuser_19	3		7	1
178	2025-04-20 12:54:17.674705+07	8	fakeuser_2	3		7	1
179	2025-04-20 12:54:17.67472+07	26	fakeuser_20	3		7	1
180	2025-04-20 12:54:17.674735+07	27	fakeuser_21	3		7	1
181	2025-04-20 12:54:17.674749+07	28	fakeuser_22	3		7	1
182	2025-04-20 12:54:17.674764+07	29	fakeuser_23	3		7	1
183	2025-04-20 12:54:17.674779+07	30	fakeuser_24	3		7	1
184	2025-04-20 12:54:17.674794+07	31	fakeuser_25	3		7	1
185	2025-04-20 12:54:17.674809+07	32	fakeuser_26	3		7	1
186	2025-04-20 12:54:17.674824+07	33	fakeuser_27	3		7	1
187	2025-04-20 12:54:17.674838+07	34	fakeuser_28	3		7	1
188	2025-04-20 12:54:17.674853+07	35	fakeuser_29	3		7	1
189	2025-04-20 12:54:17.674868+07	9	fakeuser_3	3		7	1
190	2025-04-20 12:54:17.674883+07	36	fakeuser_30	3		7	1
191	2025-04-20 12:54:17.674897+07	37	fakeuser_31	3		7	1
192	2025-04-20 12:54:17.674911+07	10	fakeuser_4	3		7	1
193	2025-04-20 12:54:17.674926+07	11	fakeuser_5	3		7	1
194	2025-04-20 12:54:17.67494+07	12	fakeuser_6	3		7	1
195	2025-04-20 12:54:17.674955+07	13	fakeuser_7	3		7	1
196	2025-04-20 12:54:17.674969+07	14	fakeuser_8	3		7	1
197	2025-04-20 12:54:17.674984+07	15	fakeuser_9	3		7	1
198	2025-04-20 12:54:17.674998+07	5	FinalTestUser	3		7	1
199	2025-04-20 12:54:17.675013+07	3	LisaNr2	3		7	1
200	2025-04-20 12:54:17.675026+07	4	LucyNr3	3		7	1
201	2025-04-20 12:54:17.67504+07	2	MariaNo1	3		7	1
202	2025-04-20 12:54:17.675055+07	40	System	3		7	1
203	2025-04-20 12:54:17.675069+07	39	testadmincreate	3		7	1
204	2025-04-20 12:54:17.675084+07	6	testohnestaff	3		7	1
205	2025-04-20 12:54:17.675098+07	7	testuser2	3		7	1
206	2025-04-20 13:00:24.139978+07	16	fakeuser_10	3		7	1
207	2025-04-20 13:00:24.140022+07	17	fakeuser_11	3		7	1
208	2025-04-20 13:00:24.140042+07	18	fakeuser_12	3		7	1
209	2025-04-20 13:00:24.140059+07	19	fakeuser_13	3		7	1
210	2025-04-20 13:00:24.140075+07	20	fakeuser_14	3		7	1
211	2025-04-20 13:00:24.140089+07	21	fakeuser_15	3		7	1
212	2025-04-20 13:00:24.140104+07	22	fakeuser_16	3		7	1
213	2025-04-20 13:00:24.140119+07	23	fakeuser_17	3		7	1
214	2025-04-20 13:00:24.140134+07	24	fakeuser_18	3		7	1
215	2025-04-20 13:00:24.140149+07	25	fakeuser_19	3		7	1
216	2025-04-20 13:00:24.140163+07	8	fakeuser_2	3		7	1
217	2025-04-20 13:00:24.140178+07	26	fakeuser_20	3		7	1
218	2025-04-20 13:00:24.140193+07	27	fakeuser_21	3		7	1
219	2025-04-20 13:00:24.140212+07	28	fakeuser_22	3		7	1
220	2025-04-20 13:00:24.140226+07	29	fakeuser_23	3		7	1
221	2025-04-20 13:00:24.140239+07	30	fakeuser_24	3		7	1
222	2025-04-20 13:00:24.140253+07	31	fakeuser_25	3		7	1
223	2025-04-20 13:00:24.140266+07	32	fakeuser_26	3		7	1
224	2025-04-20 13:00:24.140279+07	33	fakeuser_27	3		7	1
225	2025-04-20 13:00:24.140293+07	34	fakeuser_28	3		7	1
226	2025-04-20 13:00:24.140306+07	35	fakeuser_29	3		7	1
227	2025-04-20 13:00:24.140319+07	9	fakeuser_3	3		7	1
228	2025-04-20 13:00:24.140333+07	36	fakeuser_30	3		7	1
229	2025-04-20 13:00:24.140346+07	37	fakeuser_31	3		7	1
230	2025-04-20 13:00:24.140359+07	10	fakeuser_4	3		7	1
231	2025-04-20 13:00:24.140373+07	11	fakeuser_5	3		7	1
232	2025-04-20 13:00:24.140386+07	12	fakeuser_6	3		7	1
233	2025-04-20 13:00:24.140399+07	13	fakeuser_7	3		7	1
234	2025-04-20 13:00:24.140413+07	14	fakeuser_8	3		7	1
235	2025-04-20 13:00:24.14043+07	15	fakeuser_9	3		7	1
236	2025-04-20 13:00:24.140442+07	5	FinalTestUser	3		7	1
237	2025-04-20 13:00:24.140455+07	3	LisaNr2	3		7	1
238	2025-04-20 13:00:24.140467+07	4	LucyNr3	3		7	1
239	2025-04-20 13:00:24.14048+07	2	MariaNo1	3		7	1
240	2025-04-20 13:00:24.140493+07	40	System	3		7	1
241	2025-04-20 13:00:24.140506+07	39	testadmincreate	3		7	1
242	2025-04-20 13:00:24.140518+07	6	testohnestaff	3		7	1
243	2025-04-20 13:00:24.140531+07	7	testuser2	3		7	1
244	2025-04-20 13:48:50.453161+07	41	TestRealUser	1	[{"added": {}}]	7	1
245	2025-04-20 16:47:06.922638+07	42	TestFakeUser	1	[{"added": {}}]	7	1
246	2025-04-20 16:47:48.591635+07	42	TestFakeUser	2	[{"changed": {"fields": ["Is fake"]}}]	7	1
247	2025-04-20 16:50:06.697787+07	43	TestModerator	1	[{"added": {}}]	7	1
248	2025-04-20 16:51:05.690549+07	43	TestModerator	2	[{"changed": {"fields": ["Staff status", "Can use ai assist"]}}]	7	1
249	2025-04-20 16:52:27.714868+07	42	TestFakeUser	2	[{"changed": {"fields": ["Assigned moderator"]}}]	7	1
250	2025-04-20 17:05:56.278134+07	3	AI Settings for TestRealUser <-> TestFakeUser: AI Automatic Replies	1	[{"added": {}}]	18	1
251	2025-04-21 17:28:03.556007+07	8	Image for TestRealUser (ID: 8, Approved: True)	2	[{"changed": {"fields": ["Is approved"]}}]	17	1
252	2025-04-21 17:30:35.350926+07	9	Image for TestRealUser (ID: 9, Approved: True)	2	[{"changed": {"fields": ["Is approved"]}}]	17	1
253	2025-04-21 17:30:35.354819+07	10	Image for TestRealUser (ID: 10, Approved: True)	2	[{"changed": {"fields": ["Is approved"]}}]	17	1
254	2025-04-22 21:12:31.508467+07	42	TestFakeUser	2	[{"changed": {"fields": ["Gender", "Seeking Gender", "Postal Code", "City", "State/Province", "Country"]}}]	7	1
255	2025-04-22 22:02:54.736017+07	51	FakeBerlinerin_1	3		7	1
256	2025-04-22 22:02:54.736058+07	60	FakeBerlinerin_10	3		7	1
257	2025-04-22 22:02:54.736078+07	61	FakeBerlinerin_11	3		7	1
258	2025-04-22 22:02:54.736093+07	62	FakeBerlinerin_12	3		7	1
259	2025-04-22 22:02:54.736107+07	63	FakeBerlinerin_13	3		7	1
260	2025-04-22 22:02:54.736122+07	64	FakeBerlinerin_14	3		7	1
261	2025-04-22 22:02:54.736136+07	65	FakeBerlinerin_15	3		7	1
262	2025-04-22 22:02:54.736149+07	66	FakeBerlinerin_16	3		7	1
263	2025-04-22 22:02:54.736163+07	67	FakeBerlinerin_17	3		7	1
264	2025-04-22 22:02:54.736176+07	68	FakeBerlinerin_18	3		7	1
265	2025-04-22 22:02:54.73619+07	69	FakeBerlinerin_19	3		7	1
266	2025-04-22 22:02:54.736204+07	52	FakeBerlinerin_2	3		7	1
267	2025-04-22 22:02:54.736217+07	70	FakeBerlinerin_20	3		7	1
268	2025-04-22 22:02:54.736229+07	71	FakeBerlinerin_21	3		7	1
269	2025-04-22 22:02:54.736241+07	72	FakeBerlinerin_22	3		7	1
270	2025-04-22 22:02:54.736253+07	73	FakeBerlinerin_23	3		7	1
271	2025-04-22 22:02:54.736266+07	74	FakeBerlinerin_24	3		7	1
272	2025-04-22 22:02:54.736278+07	75	FakeBerlinerin_25	3		7	1
273	2025-04-22 22:02:54.73629+07	76	FakeBerlinerin_26	3		7	1
274	2025-04-22 22:02:54.736302+07	77	FakeBerlinerin_27	3		7	1
275	2025-04-22 22:02:54.736315+07	78	FakeBerlinerin_28	3		7	1
276	2025-04-22 22:02:54.736328+07	79	FakeBerlinerin_29	3		7	1
277	2025-04-22 22:02:54.73634+07	53	FakeBerlinerin_3	3		7	1
278	2025-04-22 22:02:54.736352+07	80	FakeBerlinerin_30	3		7	1
279	2025-04-22 22:02:54.736365+07	54	FakeBerlinerin_4	3		7	1
280	2025-04-22 22:02:54.736378+07	55	FakeBerlinerin_5	3		7	1
281	2025-04-22 22:02:54.73639+07	56	FakeBerlinerin_6	3		7	1
282	2025-04-22 22:02:54.736403+07	57	FakeBerlinerin_7	3		7	1
283	2025-04-22 22:02:54.736415+07	58	FakeBerlinerin_8	3		7	1
284	2025-04-22 22:02:54.736427+07	59	FakeBerlinerin_9	3		7	1
285	2025-04-22 22:07:25.225992+07	81	FakeBerlinerin_1	3		7	1
286	2025-04-22 22:07:25.226057+07	90	FakeBerlinerin_10	3		7	1
287	2025-04-22 22:07:25.226119+07	91	FakeBerlinerin_11	3		7	1
288	2025-04-22 22:07:25.226136+07	92	FakeBerlinerin_12	3		7	1
289	2025-04-22 22:07:25.226151+07	93	FakeBerlinerin_13	3		7	1
290	2025-04-22 22:07:25.226165+07	94	FakeBerlinerin_14	3		7	1
291	2025-04-22 22:07:25.226198+07	95	FakeBerlinerin_15	3		7	1
292	2025-04-22 22:07:25.226234+07	96	FakeBerlinerin_16	3		7	1
293	2025-04-22 22:07:25.226266+07	97	FakeBerlinerin_17	3		7	1
294	2025-04-22 22:07:25.22628+07	98	FakeBerlinerin_18	3		7	1
295	2025-04-22 22:07:25.226294+07	99	FakeBerlinerin_19	3		7	1
296	2025-04-22 22:07:25.226309+07	82	FakeBerlinerin_2	3		7	1
297	2025-04-22 22:07:25.226323+07	100	FakeBerlinerin_20	3		7	1
298	2025-04-22 22:07:25.226336+07	101	FakeBerlinerin_21	3		7	1
299	2025-04-22 22:07:25.22635+07	102	FakeBerlinerin_22	3		7	1
300	2025-04-22 22:07:25.22638+07	103	FakeBerlinerin_23	3		7	1
301	2025-04-22 22:07:25.226394+07	104	FakeBerlinerin_24	3		7	1
302	2025-04-22 22:07:25.226422+07	105	FakeBerlinerin_25	3		7	1
303	2025-04-22 22:07:25.226437+07	106	FakeBerlinerin_26	3		7	1
304	2025-04-22 22:07:25.22645+07	107	FakeBerlinerin_27	3		7	1
305	2025-04-22 22:07:25.226463+07	108	FakeBerlinerin_28	3		7	1
306	2025-04-22 22:07:25.226537+07	109	FakeBerlinerin_29	3		7	1
307	2025-04-22 22:07:25.226614+07	83	FakeBerlinerin_3	3		7	1
308	2025-04-22 22:07:25.226648+07	110	FakeBerlinerin_30	3		7	1
309	2025-04-22 22:07:25.226679+07	84	FakeBerlinerin_4	3		7	1
310	2025-04-22 22:07:25.2267+07	85	FakeBerlinerin_5	3		7	1
311	2025-04-22 22:07:25.22674+07	86	FakeBerlinerin_6	3		7	1
312	2025-04-22 22:07:25.226808+07	87	FakeBerlinerin_7	3		7	1
313	2025-04-22 22:07:25.226858+07	88	FakeBerlinerin_8	3		7	1
314	2025-04-22 22:07:25.226903+07	89	FakeBerlinerin_9	3		7	1
315	2025-04-22 22:19:12.865057+07	111	FakeBerlinerin_1	3		7	1
316	2025-04-22 22:19:12.865097+07	120	FakeBerlinerin_10	3		7	1
317	2025-04-22 22:19:12.865116+07	121	FakeBerlinerin_11	3		7	1
318	2025-04-22 22:19:12.865131+07	122	FakeBerlinerin_12	3		7	1
319	2025-04-22 22:19:12.865145+07	123	FakeBerlinerin_13	3		7	1
320	2025-04-22 22:19:12.865157+07	124	FakeBerlinerin_14	3		7	1
321	2025-04-22 22:19:12.86517+07	125	FakeBerlinerin_15	3		7	1
322	2025-04-22 22:19:12.865183+07	126	FakeBerlinerin_16	3		7	1
323	2025-04-22 22:19:12.865196+07	127	FakeBerlinerin_17	3		7	1
324	2025-04-22 22:19:12.865209+07	128	FakeBerlinerin_18	3		7	1
325	2025-04-22 22:19:12.865222+07	129	FakeBerlinerin_19	3		7	1
326	2025-04-22 22:19:12.865234+07	112	FakeBerlinerin_2	3		7	1
327	2025-04-22 22:19:12.865247+07	130	FakeBerlinerin_20	3		7	1
328	2025-04-22 22:19:12.865259+07	131	FakeBerlinerin_21	3		7	1
329	2025-04-22 22:19:12.865272+07	132	FakeBerlinerin_22	3		7	1
330	2025-04-22 22:19:12.865285+07	133	FakeBerlinerin_23	3		7	1
331	2025-04-22 22:19:12.865297+07	134	FakeBerlinerin_24	3		7	1
332	2025-04-22 22:19:12.865311+07	135	FakeBerlinerin_25	3		7	1
333	2025-04-22 22:19:12.865323+07	136	FakeBerlinerin_26	3		7	1
334	2025-04-22 22:19:12.865335+07	137	FakeBerlinerin_27	3		7	1
335	2025-04-22 22:19:12.865347+07	138	FakeBerlinerin_28	3		7	1
336	2025-04-22 22:19:12.865359+07	139	FakeBerlinerin_29	3		7	1
337	2025-04-22 22:19:12.865371+07	113	FakeBerlinerin_3	3		7	1
338	2025-04-22 22:19:12.865384+07	140	FakeBerlinerin_30	3		7	1
339	2025-04-22 22:19:12.865395+07	114	FakeBerlinerin_4	3		7	1
340	2025-04-22 22:19:12.865408+07	115	FakeBerlinerin_5	3		7	1
341	2025-04-22 22:19:12.86542+07	116	FakeBerlinerin_6	3		7	1
342	2025-04-22 22:19:12.865432+07	117	FakeBerlinerin_7	3		7	1
343	2025-04-22 22:19:12.865444+07	118	FakeBerlinerin_8	3		7	1
344	2025-04-22 22:19:12.865486+07	119	FakeBerlinerin_9	3		7	1
345	2025-04-22 22:24:28.098109+07	141	FakeBerlinerin_1	3		7	1
346	2025-04-22 22:24:28.098177+07	150	FakeBerlinerin_10	3		7	1
347	2025-04-22 22:24:28.098211+07	151	FakeBerlinerin_11	3		7	1
348	2025-04-22 22:24:28.098239+07	152	FakeBerlinerin_12	3		7	1
349	2025-04-22 22:24:28.098264+07	153	FakeBerlinerin_13	3		7	1
350	2025-04-22 22:24:28.098288+07	154	FakeBerlinerin_14	3		7	1
351	2025-04-22 22:24:28.098317+07	155	FakeBerlinerin_15	3		7	1
352	2025-04-22 22:24:28.098372+07	156	FakeBerlinerin_16	3		7	1
353	2025-04-22 22:24:28.09844+07	157	FakeBerlinerin_17	3		7	1
354	2025-04-22 22:24:28.098475+07	158	FakeBerlinerin_18	3		7	1
355	2025-04-22 22:24:28.098501+07	159	FakeBerlinerin_19	3		7	1
356	2025-04-22 22:24:28.098524+07	142	FakeBerlinerin_2	3		7	1
357	2025-04-22 22:24:28.098571+07	160	FakeBerlinerin_20	3		7	1
358	2025-04-22 22:24:28.098618+07	161	FakeBerlinerin_21	3		7	1
359	2025-04-22 22:24:28.098644+07	162	FakeBerlinerin_22	3		7	1
360	2025-04-22 22:24:28.098668+07	163	FakeBerlinerin_23	3		7	1
361	2025-04-22 22:24:28.098691+07	164	FakeBerlinerin_24	3		7	1
362	2025-04-22 22:24:28.098716+07	165	FakeBerlinerin_25	3		7	1
363	2025-04-22 22:24:28.098738+07	166	FakeBerlinerin_26	3		7	1
364	2025-04-22 22:24:28.098759+07	167	FakeBerlinerin_27	3		7	1
365	2025-04-22 22:24:28.098781+07	168	FakeBerlinerin_28	3		7	1
366	2025-04-22 22:24:28.098802+07	169	FakeBerlinerin_29	3		7	1
367	2025-04-22 22:24:28.098824+07	143	FakeBerlinerin_3	3		7	1
368	2025-04-22 22:24:28.098845+07	170	FakeBerlinerin_30	3		7	1
369	2025-04-22 22:24:28.098867+07	144	FakeBerlinerin_4	3		7	1
370	2025-04-22 22:24:28.098889+07	145	FakeBerlinerin_5	3		7	1
371	2025-04-22 22:24:28.098911+07	146	FakeBerlinerin_6	3		7	1
372	2025-04-22 22:24:28.098935+07	147	FakeBerlinerin_7	3		7	1
373	2025-04-22 22:24:28.098957+07	148	FakeBerlinerin_8	3		7	1
374	2025-04-22 22:24:28.098979+07	149	FakeBerlinerin_9	3		7	1
375	2025-04-22 22:31:27.764837+07	171	FakeBerlinerin_1	3		7	1
376	2025-04-22 22:31:27.764895+07	180	FakeBerlinerin_10	3		7	1
377	2025-04-22 22:31:27.764928+07	181	FakeBerlinerin_11	3		7	1
378	2025-04-22 22:31:27.764957+07	182	FakeBerlinerin_12	3		7	1
379	2025-04-22 22:31:27.764984+07	183	FakeBerlinerin_13	3		7	1
380	2025-04-22 22:31:27.765011+07	184	FakeBerlinerin_14	3		7	1
381	2025-04-22 22:31:27.765038+07	185	FakeBerlinerin_15	3		7	1
382	2025-04-22 22:31:27.765064+07	186	FakeBerlinerin_16	3		7	1
383	2025-04-22 22:31:27.765089+07	187	FakeBerlinerin_17	3		7	1
384	2025-04-22 22:31:27.765116+07	188	FakeBerlinerin_18	3		7	1
385	2025-04-22 22:31:27.765141+07	189	FakeBerlinerin_19	3		7	1
386	2025-04-22 22:31:27.765168+07	172	FakeBerlinerin_2	3		7	1
387	2025-04-22 22:31:27.765193+07	190	FakeBerlinerin_20	3		7	1
388	2025-04-22 22:31:27.76522+07	191	FakeBerlinerin_21	3		7	1
389	2025-04-22 22:31:27.765246+07	192	FakeBerlinerin_22	3		7	1
390	2025-04-22 22:31:27.765273+07	193	FakeBerlinerin_23	3		7	1
391	2025-04-22 22:31:27.7653+07	194	FakeBerlinerin_24	3		7	1
392	2025-04-22 22:31:27.765326+07	195	FakeBerlinerin_25	3		7	1
393	2025-04-22 22:31:27.765351+07	196	FakeBerlinerin_26	3		7	1
394	2025-04-22 22:31:27.765377+07	197	FakeBerlinerin_27	3		7	1
395	2025-04-22 22:31:27.765402+07	198	FakeBerlinerin_28	3		7	1
396	2025-04-22 22:31:27.765427+07	199	FakeBerlinerin_29	3		7	1
397	2025-04-22 22:31:27.765453+07	173	FakeBerlinerin_3	3		7	1
398	2025-04-22 22:31:27.765479+07	200	FakeBerlinerin_30	3		7	1
399	2025-04-22 22:31:27.765505+07	174	FakeBerlinerin_4	3		7	1
400	2025-04-22 22:31:27.765531+07	175	FakeBerlinerin_5	3		7	1
401	2025-04-22 22:31:27.765556+07	176	FakeBerlinerin_6	3		7	1
402	2025-04-22 22:31:27.765582+07	177	FakeBerlinerin_7	3		7	1
403	2025-04-22 22:31:27.765608+07	178	FakeBerlinerin_8	3		7	1
404	2025-04-22 22:31:27.765634+07	179	FakeBerlinerin_9	3		7	1
405	2025-04-22 22:33:45.967146+07	201	FakeBerlinerin_1	3		7	1
406	2025-04-22 22:33:45.967194+07	210	FakeBerlinerin_10	3		7	1
407	2025-04-22 22:33:45.967217+07	211	FakeBerlinerin_11	3		7	1
408	2025-04-22 22:33:45.967235+07	212	FakeBerlinerin_12	3		7	1
409	2025-04-22 22:33:45.967251+07	213	FakeBerlinerin_13	3		7	1
410	2025-04-22 22:33:45.96727+07	214	FakeBerlinerin_14	3		7	1
411	2025-04-22 22:33:45.967286+07	215	FakeBerlinerin_15	3		7	1
412	2025-04-22 22:33:45.967302+07	216	FakeBerlinerin_16	3		7	1
413	2025-04-22 22:33:45.967318+07	217	FakeBerlinerin_17	3		7	1
414	2025-04-22 22:33:45.967334+07	218	FakeBerlinerin_18	3		7	1
415	2025-04-22 22:33:45.96735+07	219	FakeBerlinerin_19	3		7	1
416	2025-04-22 22:33:45.967366+07	202	FakeBerlinerin_2	3		7	1
417	2025-04-22 22:33:45.967381+07	220	FakeBerlinerin_20	3		7	1
418	2025-04-22 22:33:45.967397+07	221	FakeBerlinerin_21	3		7	1
419	2025-04-22 22:33:45.967411+07	222	FakeBerlinerin_22	3		7	1
420	2025-04-22 22:33:45.967426+07	223	FakeBerlinerin_23	3		7	1
421	2025-04-22 22:33:45.967441+07	224	FakeBerlinerin_24	3		7	1
422	2025-04-22 22:33:45.967456+07	225	FakeBerlinerin_25	3		7	1
423	2025-04-22 22:33:45.967471+07	226	FakeBerlinerin_26	3		7	1
424	2025-04-22 22:33:45.967486+07	227	FakeBerlinerin_27	3		7	1
425	2025-04-22 22:33:45.9675+07	228	FakeBerlinerin_28	3		7	1
426	2025-04-22 22:33:45.967515+07	229	FakeBerlinerin_29	3		7	1
427	2025-04-22 22:33:45.967532+07	203	FakeBerlinerin_3	3		7	1
428	2025-04-22 22:33:45.967546+07	230	FakeBerlinerin_30	3		7	1
429	2025-04-22 22:33:45.967562+07	204	FakeBerlinerin_4	3		7	1
430	2025-04-22 22:33:45.967577+07	205	FakeBerlinerin_5	3		7	1
431	2025-04-22 22:33:45.967593+07	206	FakeBerlinerin_6	3		7	1
432	2025-04-22 22:33:45.967608+07	207	FakeBerlinerin_7	3		7	1
433	2025-04-22 22:33:45.967623+07	208	FakeBerlinerin_8	3		7	1
434	2025-04-22 22:33:45.967637+07	209	FakeBerlinerin_9	3		7	1
435	2025-04-22 22:42:26.037065+07	231	FakeBerlinerin_1	3		7	1
436	2025-04-22 22:42:26.037114+07	240	FakeBerlinerin_10	3		7	1
437	2025-04-22 22:42:26.037138+07	241	FakeBerlinerin_11	3		7	1
438	2025-04-22 22:42:26.037158+07	242	FakeBerlinerin_12	3		7	1
439	2025-04-22 22:42:26.037175+07	243	FakeBerlinerin_13	3		7	1
440	2025-04-22 22:42:26.037192+07	244	FakeBerlinerin_14	3		7	1
441	2025-04-22 22:42:26.037209+07	245	FakeBerlinerin_15	3		7	1
442	2025-04-22 22:42:26.037226+07	246	FakeBerlinerin_16	3		7	1
443	2025-04-22 22:42:26.037241+07	247	FakeBerlinerin_17	3		7	1
444	2025-04-22 22:42:26.037257+07	248	FakeBerlinerin_18	3		7	1
445	2025-04-22 22:42:26.037273+07	249	FakeBerlinerin_19	3		7	1
446	2025-04-22 22:42:26.037289+07	232	FakeBerlinerin_2	3		7	1
447	2025-04-22 22:42:26.037305+07	250	FakeBerlinerin_20	3		7	1
448	2025-04-22 22:42:26.03732+07	251	FakeBerlinerin_21	3		7	1
449	2025-04-22 22:42:26.037334+07	252	FakeBerlinerin_22	3		7	1
450	2025-04-22 22:42:26.03735+07	253	FakeBerlinerin_23	3		7	1
451	2025-04-22 22:42:26.037364+07	254	FakeBerlinerin_24	3		7	1
452	2025-04-22 22:42:26.03738+07	255	FakeBerlinerin_25	3		7	1
453	2025-04-22 22:42:26.037394+07	256	FakeBerlinerin_26	3		7	1
454	2025-04-22 22:42:26.03741+07	257	FakeBerlinerin_27	3		7	1
455	2025-04-22 22:42:26.037427+07	258	FakeBerlinerin_28	3		7	1
456	2025-04-22 22:42:26.037442+07	259	FakeBerlinerin_29	3		7	1
457	2025-04-22 22:42:26.037457+07	233	FakeBerlinerin_3	3		7	1
458	2025-04-22 22:42:26.037505+07	260	FakeBerlinerin_30	3		7	1
459	2025-04-22 22:42:26.03752+07	234	FakeBerlinerin_4	3		7	1
460	2025-04-22 22:42:26.037534+07	235	FakeBerlinerin_5	3		7	1
461	2025-04-22 22:42:26.037549+07	236	FakeBerlinerin_6	3		7	1
462	2025-04-22 22:42:26.037564+07	237	FakeBerlinerin_7	3		7	1
463	2025-04-22 22:42:26.03763+07	238	FakeBerlinerin_8	3		7	1
464	2025-04-22 22:42:26.037656+07	239	FakeBerlinerin_9	3		7	1
465	2025-04-22 23:04:41.806039+07	284	FakeBerlinerin_24	2	[{"changed": {"fields": ["Gender", "Seeking Gender"]}}]	7	1
466	2025-04-22 23:06:22.963033+07	261	FakeBerlinerin_1	3		7	1
467	2025-04-22 23:06:22.963102+07	270	FakeBerlinerin_10	3		7	1
468	2025-04-22 23:06:22.96314+07	271	FakeBerlinerin_11	3		7	1
469	2025-04-22 23:06:22.963171+07	272	FakeBerlinerin_12	3		7	1
470	2025-04-22 23:06:22.963207+07	273	FakeBerlinerin_13	3		7	1
471	2025-04-22 23:06:22.963239+07	274	FakeBerlinerin_14	3		7	1
472	2025-04-22 23:06:22.963265+07	275	FakeBerlinerin_15	3		7	1
473	2025-04-22 23:06:22.96329+07	276	FakeBerlinerin_16	3		7	1
474	2025-04-22 23:06:22.963313+07	277	FakeBerlinerin_17	3		7	1
475	2025-04-22 23:06:22.963337+07	278	FakeBerlinerin_18	3		7	1
476	2025-04-22 23:06:22.963363+07	279	FakeBerlinerin_19	3		7	1
477	2025-04-22 23:06:22.963388+07	262	FakeBerlinerin_2	3		7	1
478	2025-04-22 23:06:22.963412+07	280	FakeBerlinerin_20	3		7	1
479	2025-04-22 23:06:22.963436+07	281	FakeBerlinerin_21	3		7	1
480	2025-04-22 23:06:22.96346+07	282	FakeBerlinerin_22	3		7	1
481	2025-04-22 23:06:22.963483+07	283	FakeBerlinerin_23	3		7	1
482	2025-04-22 23:06:22.963507+07	284	FakeBerlinerin_24	3		7	1
483	2025-04-22 23:06:22.963533+07	285	FakeBerlinerin_25	3		7	1
484	2025-04-22 23:06:22.963557+07	286	FakeBerlinerin_26	3		7	1
485	2025-04-22 23:06:22.96358+07	287	FakeBerlinerin_27	3		7	1
486	2025-04-22 23:06:22.963603+07	288	FakeBerlinerin_28	3		7	1
487	2025-04-22 23:06:22.963627+07	289	FakeBerlinerin_29	3		7	1
488	2025-04-22 23:06:22.96365+07	263	FakeBerlinerin_3	3		7	1
489	2025-04-22 23:06:22.963674+07	290	FakeBerlinerin_30	3		7	1
490	2025-04-22 23:06:22.963697+07	264	FakeBerlinerin_4	3		7	1
491	2025-04-22 23:06:22.96372+07	265	FakeBerlinerin_5	3		7	1
492	2025-04-22 23:06:22.963744+07	266	FakeBerlinerin_6	3		7	1
493	2025-04-22 23:06:22.963767+07	267	FakeBerlinerin_7	3		7	1
494	2025-04-22 23:06:22.96379+07	268	FakeBerlinerin_8	3		7	1
495	2025-04-22 23:06:22.963813+07	269	FakeBerlinerin_9	3		7	1
496	2025-04-22 23:24:29.754948+07	291	TestSaveUser_1	3		7	1
497	2025-04-22 23:26:05.914625+07	298	FakeBerlinerin_7	2	[{"changed": {"fields": ["Gender", "Seeking Gender", "Postal Code"]}}]	7	1
498	2025-04-22 23:35:59.453531+07	292	FakeBerlinerin_1	3		7	1
499	2025-04-22 23:35:59.453572+07	301	FakeBerlinerin_10	3		7	1
500	2025-04-22 23:35:59.453595+07	302	FakeBerlinerin_11	3		7	1
501	2025-04-22 23:35:59.453614+07	303	FakeBerlinerin_12	3		7	1
502	2025-04-22 23:35:59.453634+07	304	FakeBerlinerin_13	3		7	1
503	2025-04-22 23:35:59.453652+07	305	FakeBerlinerin_14	3		7	1
504	2025-04-22 23:35:59.453669+07	306	FakeBerlinerin_15	3		7	1
505	2025-04-22 23:35:59.453688+07	307	FakeBerlinerin_16	3		7	1
506	2025-04-22 23:35:59.453712+07	308	FakeBerlinerin_17	3		7	1
507	2025-04-22 23:35:59.453734+07	309	FakeBerlinerin_18	3		7	1
508	2025-04-22 23:35:59.453748+07	310	FakeBerlinerin_19	3		7	1
509	2025-04-22 23:35:59.453761+07	293	FakeBerlinerin_2	3		7	1
510	2025-04-22 23:35:59.453795+07	311	FakeBerlinerin_20	3		7	1
511	2025-04-22 23:35:59.453825+07	312	FakeBerlinerin_21	3		7	1
512	2025-04-22 23:35:59.453838+07	313	FakeBerlinerin_22	3		7	1
513	2025-04-22 23:35:59.45385+07	314	FakeBerlinerin_23	3		7	1
514	2025-04-22 23:35:59.453863+07	315	FakeBerlinerin_24	3		7	1
515	2025-04-22 23:35:59.453875+07	316	FakeBerlinerin_25	3		7	1
516	2025-04-22 23:35:59.453887+07	317	FakeBerlinerin_26	3		7	1
517	2025-04-22 23:35:59.453899+07	318	FakeBerlinerin_27	3		7	1
518	2025-04-22 23:35:59.453912+07	319	FakeBerlinerin_28	3		7	1
519	2025-04-22 23:35:59.453925+07	320	FakeBerlinerin_29	3		7	1
520	2025-04-22 23:35:59.453937+07	294	FakeBerlinerin_3	3		7	1
521	2025-04-22 23:35:59.45395+07	321	FakeBerlinerin_30	3		7	1
522	2025-04-22 23:35:59.453962+07	295	FakeBerlinerin_4	3		7	1
523	2025-04-22 23:35:59.453975+07	296	FakeBerlinerin_5	3		7	1
524	2025-04-22 23:35:59.453987+07	297	FakeBerlinerin_6	3		7	1
525	2025-04-22 23:35:59.453999+07	298	FakeBerlinerin_7	3		7	1
526	2025-04-22 23:35:59.454011+07	299	FakeBerlinerin_8	3		7	1
527	2025-04-22 23:35:59.454023+07	300	FakeBerlinerin_9	3		7	1
528	2025-04-22 23:41:49.83246+07	334	FakeBerlinerin_13	2	[{"changed": {"fields": ["Gender", "Seeking Gender"]}}]	7	1
529	2025-04-22 23:42:26.546711+07	322	FakeBerlinerin_1	3		7	1
530	2025-04-22 23:42:26.546753+07	331	FakeBerlinerin_10	3		7	1
531	2025-04-22 23:42:26.546774+07	332	FakeBerlinerin_11	3		7	1
532	2025-04-22 23:42:26.54679+07	333	FakeBerlinerin_12	3		7	1
533	2025-04-22 23:42:26.546806+07	334	FakeBerlinerin_13	3		7	1
534	2025-04-22 23:42:26.546821+07	335	FakeBerlinerin_14	3		7	1
535	2025-04-22 23:42:26.546834+07	336	FakeBerlinerin_15	3		7	1
536	2025-04-22 23:42:26.546875+07	337	FakeBerlinerin_16	3		7	1
537	2025-04-22 23:42:26.546889+07	338	FakeBerlinerin_17	3		7	1
538	2025-04-22 23:42:26.546903+07	339	FakeBerlinerin_18	3		7	1
539	2025-04-22 23:42:26.546997+07	340	FakeBerlinerin_19	3		7	1
540	2025-04-22 23:42:26.547027+07	323	FakeBerlinerin_2	3		7	1
541	2025-04-22 23:42:26.547052+07	341	FakeBerlinerin_20	3		7	1
542	2025-04-22 23:42:26.547078+07	342	FakeBerlinerin_21	3		7	1
543	2025-04-22 23:42:26.547101+07	343	FakeBerlinerin_22	3		7	1
544	2025-04-22 23:42:26.547125+07	344	FakeBerlinerin_23	3		7	1
545	2025-04-22 23:42:26.547149+07	345	FakeBerlinerin_24	3		7	1
546	2025-04-22 23:42:26.547172+07	346	FakeBerlinerin_25	3		7	1
547	2025-04-22 23:42:26.547194+07	347	FakeBerlinerin_26	3		7	1
548	2025-04-22 23:42:26.547218+07	348	FakeBerlinerin_27	3		7	1
549	2025-04-22 23:42:26.547245+07	349	FakeBerlinerin_28	3		7	1
550	2025-04-22 23:42:26.547269+07	350	FakeBerlinerin_29	3		7	1
551	2025-04-22 23:42:26.547292+07	324	FakeBerlinerin_3	3		7	1
552	2025-04-22 23:42:26.547315+07	351	FakeBerlinerin_30	3		7	1
553	2025-04-22 23:42:26.54734+07	325	FakeBerlinerin_4	3		7	1
554	2025-04-22 23:42:26.547367+07	326	FakeBerlinerin_5	3		7	1
555	2025-04-22 23:42:26.54739+07	327	FakeBerlinerin_6	3		7	1
556	2025-04-22 23:42:26.547417+07	328	FakeBerlinerin_7	3		7	1
557	2025-04-22 23:42:26.547442+07	329	FakeBerlinerin_8	3		7	1
558	2025-04-22 23:42:26.547467+07	330	FakeBerlinerin_9	3		7	1
559	2025-04-22 23:47:10.051274+07	352	FakeBerlinerin_1	3		7	1
560	2025-04-22 23:47:10.051396+07	361	FakeBerlinerin_10	3		7	1
561	2025-04-22 23:47:10.051441+07	362	FakeBerlinerin_11	3		7	1
562	2025-04-22 23:47:10.051478+07	363	FakeBerlinerin_12	3		7	1
563	2025-04-22 23:47:10.051493+07	364	FakeBerlinerin_13	3		7	1
564	2025-04-22 23:47:10.051507+07	365	FakeBerlinerin_14	3		7	1
565	2025-04-22 23:47:10.051521+07	366	FakeBerlinerin_15	3		7	1
566	2025-04-22 23:47:10.051535+07	367	FakeBerlinerin_16	3		7	1
567	2025-04-22 23:47:10.051548+07	368	FakeBerlinerin_17	3		7	1
568	2025-04-22 23:47:10.051562+07	369	FakeBerlinerin_18	3		7	1
569	2025-04-22 23:47:10.051575+07	370	FakeBerlinerin_19	3		7	1
570	2025-04-22 23:47:10.051589+07	353	FakeBerlinerin_2	3		7	1
571	2025-04-22 23:47:10.051602+07	371	FakeBerlinerin_20	3		7	1
572	2025-04-22 23:47:10.051615+07	372	FakeBerlinerin_21	3		7	1
573	2025-04-22 23:47:10.051628+07	373	FakeBerlinerin_22	3		7	1
574	2025-04-22 23:47:10.051641+07	374	FakeBerlinerin_23	3		7	1
575	2025-04-22 23:47:10.051654+07	375	FakeBerlinerin_24	3		7	1
576	2025-04-22 23:47:10.051668+07	376	FakeBerlinerin_25	3		7	1
577	2025-04-22 23:47:10.05168+07	377	FakeBerlinerin_26	3		7	1
578	2025-04-22 23:47:10.051693+07	378	FakeBerlinerin_27	3		7	1
579	2025-04-22 23:47:10.051707+07	379	FakeBerlinerin_28	3		7	1
580	2025-04-22 23:47:10.051719+07	380	FakeBerlinerin_29	3		7	1
581	2025-04-22 23:47:10.051732+07	354	FakeBerlinerin_3	3		7	1
582	2025-04-22 23:47:10.051745+07	381	FakeBerlinerin_30	3		7	1
583	2025-04-22 23:47:10.051758+07	355	FakeBerlinerin_4	3		7	1
584	2025-04-22 23:47:10.051771+07	356	FakeBerlinerin_5	3		7	1
585	2025-04-22 23:47:10.051784+07	357	FakeBerlinerin_6	3		7	1
586	2025-04-22 23:47:10.051797+07	358	FakeBerlinerin_7	3		7	1
587	2025-04-22 23:47:10.05181+07	359	FakeBerlinerin_8	3		7	1
588	2025-04-22 23:47:10.051822+07	360	FakeBerlinerin_9	3		7	1
\.


--
-- Data for Name: django_content_type; Type: TABLE DATA; Schema: public; Owner: postgres
--

COPY public.django_content_type (id, app_label, model) FROM stdin;
1	admin	logentry
2	auth	permission
3	auth	group
4	auth	user
5	contenttypes	contenttype
6	sessions	session
7	accounts	customuser
8	messaging	message
9	sites	site
10	authtoken	token
11	authtoken	tokenproxy
12	account	emailaddress
13	account	emailconfirmation
14	socialaccount	socialaccount
15	socialaccount	socialapp
16	socialaccount	socialtoken
17	accounts	userprofileimage
18	messaging	conversationaisettings
19	background_task	completedtask
20	background_task	task
21	messaging	conversation
22	accounts	profilelike
\.


--
-- Data for Name: django_migrations; Type: TABLE DATA; Schema: public; Owner: postgres
--

COPY public.django_migrations (id, app, name, applied) FROM stdin;
1	contenttypes	0001_initial	2025-04-05 22:23:44.53297+07
2	auth	0001_initial	2025-04-05 22:23:44.593005+07
3	admin	0001_initial	2025-04-05 22:23:44.614424+07
4	admin	0002_logentry_remove_auto_add	2025-04-05 22:23:44.620569+07
5	admin	0003_logentry_add_action_flag_choices	2025-04-05 22:23:44.628231+07
6	contenttypes	0002_remove_content_type_name	2025-04-05 22:23:44.644029+07
7	auth	0002_alter_permission_name_max_length	2025-04-05 22:23:44.650777+07
8	auth	0003_alter_user_email_max_length	2025-04-05 22:23:44.658393+07
9	auth	0004_alter_user_username_opts	2025-04-05 22:23:44.664697+07
10	auth	0005_alter_user_last_login_null	2025-04-05 22:23:44.6723+07
11	auth	0006_require_contenttypes_0002	2025-04-05 22:23:44.673995+07
12	auth	0007_alter_validators_add_error_messages	2025-04-05 22:23:44.680174+07
13	auth	0008_alter_user_username_max_length	2025-04-05 22:23:44.693019+07
14	auth	0009_alter_user_last_name_max_length	2025-04-05 22:23:44.70046+07
15	auth	0010_alter_group_name_max_length	2025-04-05 22:23:44.70965+07
16	auth	0011_update_proxy_permissions	2025-04-05 22:23:44.717073+07
17	auth	0012_alter_user_first_name_max_length	2025-04-05 22:23:44.725784+07
18	sessions	0001_initial	2025-04-05 22:23:44.736656+07
19	accounts	0001_initial	2025-04-05 22:38:00.100457+07
20	messaging	0001_initial	2025-04-06 00:01:09.878762+07
21	accounts	0002_customuser_coin_balance	2025-04-06 00:08:25.033394+07
22	accounts	0003_alter_customuser_coin_balance	2025-04-06 00:37:04.588249+07
23	account	0001_initial	2025-04-06 20:39:28.886538+07
24	account	0002_email_max_length	2025-04-06 20:39:28.907638+07
25	account	0003_alter_emailaddress_create_unique_verified_email	2025-04-06 20:39:28.926618+07
26	account	0004_alter_emailaddress_drop_unique_email	2025-04-06 20:39:28.972767+07
27	account	0005_emailaddress_idx_upper_email	2025-04-06 20:39:28.989196+07
28	account	0006_emailaddress_lower	2025-04-06 20:39:29.010655+07
29	account	0007_emailaddress_idx_email	2025-04-06 20:39:29.029157+07
30	account	0008_emailaddress_unique_primary_email_fixup	2025-04-06 20:39:29.045721+07
31	account	0009_emailaddress_unique_primary_email	2025-04-06 20:39:29.055651+07
32	authtoken	0001_initial	2025-04-06 20:39:29.076435+07
33	authtoken	0002_auto_20160226_1747	2025-04-06 20:39:29.104356+07
34	authtoken	0003_tokenproxy	2025-04-06 20:39:29.107388+07
35	authtoken	0004_alter_tokenproxy_options	2025-04-06 20:39:29.115437+07
36	sites	0001_initial	2025-04-06 20:39:29.121798+07
37	sites	0002_alter_domain_unique	2025-04-06 20:39:29.129553+07
38	socialaccount	0001_initial	2025-04-06 20:39:29.203393+07
39	socialaccount	0002_token_max_lengths	2025-04-06 20:39:29.22585+07
40	socialaccount	0003_extra_data_default_dict	2025-04-06 20:39:29.236317+07
41	socialaccount	0004_app_provider_id_settings	2025-04-06 20:39:29.262406+07
42	socialaccount	0005_socialtoken_nullable_app	2025-04-06 20:39:29.284283+07
43	socialaccount	0006_alter_socialaccount_extra_data	2025-04-06 20:39:29.302025+07
44	accounts	0004_customuser_assigned_moderator_and_more	2025-04-09 01:33:36.918046+07
45	accounts	0005_remove_customuser_profile_picture_userprofileimage	2025-04-10 14:29:28.021866+07
46	accounts	0006_userprofileimage_is_approved	2025-04-10 14:45:51.758674+07
47	accounts	0007_alter_customuser_groups	2025-04-11 12:20:23.242871+07
48	messaging	0002_conversationaisettings	2025-04-11 23:42:15.197294+07
49	accounts	0008_customuser_can_use_ai_assist_alter_customuser_groups	2025-04-11 23:48:33.836392+07
50	background_task	0001_initial	2025-04-12 14:48:22.237894+07
51	background_task	0002_auto_20170927_1109	2025-04-12 14:48:22.263041+07
52	accounts	0009_customuser_birth_date_customuser_city_and_more	2025-04-12 16:32:54.937103+07
53	accounts	0010_customuser_about_me	2025-04-12 16:48:54.101858+07
54	messaging	0003_message_image_alter_message_content	2025-04-14 19:27:38.069547+07
55	accounts	0011_customuser_gender_customuser_seeking	2025-04-14 22:24:18.554239+07
56	accounts	0012_alter_customuser_seeking	2025-04-15 02:08:23.231758+07
57	messaging	0004_conversation_message_conversation	2025-04-18 14:22:58.404411+07
58	accounts	0013_profilelike	2025-04-18 19:11:25.960625+07
59	accounts	0011_customuser_gender_customuser_seeking_gender	2025-04-20 13:36:32.267402+07
60	accounts	0012_rename_seeking_gender_customuser_seeking	2025-04-22 22:18:11.425173+07
\.


--
-- Data for Name: django_session; Type: TABLE DATA; Schema: public; Owner: postgres
--

COPY public.django_session (session_key, session_data, expire_date) FROM stdin;
alub3ngikcclp3sgm7egups07auh37lp	.eJxVjEEOwiAQRe_C2hDoQAWX7nsGMsyAVA0kpV0Z765NutDtf-_9lwi4rSVsPS1hZnERWpx-t4j0SHUHfMd6a5JaXZc5yl2RB-1yapye18P9OyjYy7c25DCyYsrRaqdHlX3iM_iRovcKFFjIAxqk5DIpBnKAhp1Ga7zLA4n3B_uMOGE:1u1QPF:qnKUi2R8sdr8NCuON7GdZ-HETWSHfX5UfxbQCJJrOgM	2025-04-20 20:51:25.999077+07
wdpmmrreeq16iy4gxg9k926b8a5zhnr1	.eJxVjEEOwiAQRe_C2hDoQAWX7nsGMsyAVA0kpV0Z765NutDtf-_9lwi4rSVsPS1hZnERWpx-t4j0SHUHfMd6a5JaXZc5yl2RB-1yapye18P9OyjYy7c25DCyYsrRaqdHlX3iM_iRovcKFFjIAxqk5DIpBnKAhp1Ga7zLA4n3B_uMOGE:1u1RKw:hGEuEt8YSQsOoOHjKeOp9vlLNYJh9kTL-cXxyYUPr8s	2025-04-20 21:51:02.725414+07
uujgh2lkgwm79iu70g23tl5jligudpyq	.eJxVjEEOwiAQRe_C2hDoQAWX7nsGMsyAVA0kpV0Z765NutDtf-_9lwi4rSVsPS1hZnERWpx-t4j0SHUHfMd6a5JaXZc5yl2RB-1yapye18P9OyjYy7c25DCyYsrRaqdHlX3iM_iRovcKFFjIAxqk5DIpBnKAhp1Ga7zLA4n3B_uMOGE:1u1RL6:PVTdw5X2zYtafUIKhcoRl4rYjJXKNi_KcU5Mf5Zu-iA	2025-04-20 21:51:12.281024+07
phq0qz6ipta4j1vovdhx6pqsutqkvz03	.eJxVjMsOgjAUBf-la9OkFISydO83NLf3IdXaJkDdGP9dSNiwnZlzvgoQS82r__AcJTJ5fkNMasw1pYvyUNfJ14VnH0mNqlMnFgBfnHdBT8iPorHkdY5B74k-7KLvhTjdjvZ0MMEybeteAlGH7ETMMDh2hju8knFW2o0bEmi2xjS2R2BE64KzIUBvXTtYEfX7A3ImRKk:1u1Tcj:GG7UMOLbKOlmTMq2e_kYdJaPUMrbP9BviPx84jMZPMI	2025-04-21 00:17:33.053173+07
zir5rsqy7og3f1vuc9af1f05c5k00gsl	.eJxVjEEOwiAQRe_C2hDoQAWX7nsGMsyAVA0kpV0Z765NutDtf-_9lwi4rSVsPS1hZnERWpx-t4j0SHUHfMd6a5JaXZc5yl2RB-1yapye18P9OyjYy7c25DCyYsrRaqdHlX3iM_iRovcKFFjIAxqk5DIpBnKAhp1Ga7zLA4n3B_uMOGE:1u1Tsn:ARJc-oL9I8MN0rQ3VQwm-HheZKRuIVJ78wVDXNjzORg	2025-04-21 00:34:09.500278+07
s6dzpy28tn4thmdzsd2mvvdaxd2zp08u	.eJxVjEEOwiAQRe_C2hDoQAWX7nsGMsyAVA0kpV0Z765NutDtf-_9lwi4rSVsPS1hZnERWpx-t4j0SHUHfMd6a5JaXZc5yl2RB-1yapye18P9OyjYy7c25DCyYsrRaqdHlX3iM_iRovcKFFjIAxqk5DIpBnKAhp1Ga7zLA4n3B_uMOGE:1u1U0K:vkmJ5SLxTYnzsDfAkAdNX3OjWIujUss5FE-LDgjmh3g	2025-04-21 00:41:56.351144+07
r69x3gytie8xcwmo4czg3p7vst2g8fap	.eJxVjEEOwiAQRe_C2hDoQAWX7nsGMsyAVA0kpV0Z765NutDtf-_9lwi4rSVsPS1hZnERWpx-t4j0SHUHfMd6a5JaXZc5yl2RB-1yapye18P9OyjYy7c25DCyYsrRaqdHlX3iM_iRovcKFFjIAxqk5DIpBnKAhp1Ga7zLA4n3B_uMOGE:1u28n5:YG6RgE6_hmxs-j9pfQpnARLqyDiASFmkAmNQrhozogk	2025-04-22 20:14:59.005547+07
ecmm5psu9b8erxqv3dkg6chs2247fmuz	.eJxVjEEOwiAQRe_C2hDoQAWX7nsGMsyAVA0kpV0Z765NutDtf-_9lwi4rSVsPS1hZnERWpx-t4j0SHUHfMd6a5JaXZc5yl2RB-1yapye18P9OyjYy7c25DCyYsrRaqdHlX3iM_iRovcKFFjIAxqk5DIpBnKAhp1Ga7zLA4n3B_uMOGE:1u28qX:zAiDInBkLp2GE45gDIWnW2FbNrbcVsUyr35YBHWcaQg	2025-04-22 20:18:33.995647+07
u3ztzt8okixt1oywbzcyck7knkwpikgz	.eJxVjEEOwiAQRe_C2hDoQAWX7nsGMsyAVA0kpV0Z765NutDtf-_9lwi4rSVsPS1hZnERWpx-t4j0SHUHfMd6a5JaXZc5yl2RB-1yapye18P9OyjYy7c25DCyYsrRaqdHlX3iM_iRovcKFFjIAxqk5DIpBnKAhp1Ga7zLA4n3B_uMOGE:1u2AqH:DmcLyJ52OLvwhZn09fYmUjRclfn-85zVrlj9o7040B4	2025-04-22 22:26:25.170552+07
tn8g6ovdldf82vxabqlw3bk4ppxivuyk	.eJxVjEEOwiAQRe_C2hDoQAWX7nsGMsyAVA0kpV0Z765NutDtf-_9lwi4rSVsPS1hZnERWpx-t4j0SHUHfMd6a5JaXZc5yl2RB-1yapye18P9OyjYy7c25DCyYsrRaqdHlX3iM_iRovcKFFjIAxqk5DIpBnKAhp1Ga7zLA4n3B_uMOGE:1u2Awv:DdT1y7h3AzQLY588PKBMZGaemrc481xmllu8B8xtG2E	2025-04-22 22:33:17.746872+07
va6mee5712ka6llks96hgbppjj4wdgh9	.eJxVjEEOwiAQRe_C2hDoQAWX7nsGMsyAVA0kpV0Z765NutDtf-_9lwi4rSVsPS1hZnERWpx-t4j0SHUHfMd6a5JaXZc5yl2RB-1yapye18P9OyjYy7c25DCyYsrRaqdHlX3iM_iRovcKFFjIAxqk5DIpBnKAhp1Ga7zLA4n3B_uMOGE:1u2B0x:AZ0a9xc2jN9liZNtLA01XWiQkaIesiGPQBEnS6mvkI8	2025-04-22 22:37:27.866155+07
ra43xschwq5563z314rewr8nbvr83ogq	.eJxVjEEOwiAQRe_C2hDoQAWX7nsGMsyAVA0kpV0Z765NutDtf-_9lwi4rSVsPS1hZnERWpx-t4j0SHUHfMd6a5JaXZc5yl2RB-1yapye18P9OyjYy7c25DCyYsrRaqdHlX3iM_iRovcKFFjIAxqk5DIpBnKAhp1Ga7zLA4n3B_uMOGE:1u2BVa:XBEA_deSHDQlhG5BcRibbU7JtLZG-8yIq29DcVyhc0Q	2025-04-22 23:09:06.73832+07
svnece90ecti4gu3onaau16m9873u3wn	.eJxVjEEOwiAQRe_C2hDoQAWX7nsGMsyAVA0kpV0Z765NutDtf-_9lwi4rSVsPS1hZnERWpx-t4j0SHUHfMd6a5JaXZc5yl2RB-1yapye18P9OyjYy7c25DCyYsrRaqdHlX3iM_iRovcKFFjIAxqk5DIpBnKAhp1Ga7zLA4n3B_uMOGE:1u2BnQ:j13Bn1H59ZlYxLK3kSzOri4i-GIkKlgbPZU_escwngc	2025-04-22 23:27:32.211378+07
hcmhgka3096tn6phimvyzpsuohh6nsyz	.eJxVjMsOgjAQRf-la9OkDJWOS_d-QzOdh6AGEgor478LCQvdnnPufbtM69LnteqcB3EXF93plxXip467kAeN98nzNC7zUPye-MNWf5tEX9ej_TvoqfbburMiElnRLKSEikEjnyUgWLvxIEbN1oQGOiZlBiwIpVAH2CYwc58vHcs5Qw:1u2BrW:w4TsSIB2NJ4DdQG0mstvTNsvMkUJflUwUZA3d8lr4rI	2025-04-22 23:31:46.498391+07
nkr5o3renj94igbbzkisxm3cwxsy4fbg	.eJxVjEEOwiAQRe_C2hDoQAWX7nsGMsyAVA0kpV0Z765NutDtf-_9lwi4rSVsPS1hZnERWpx-t4j0SHUHfMd6a5JaXZc5yl2RB-1yapye18P9OyjYy7c25DCyYsrRaqdHlX3iM_iRovcKFFjIAxqk5DIpBnKAhp1Ga7zLA4n3B_uMOGE:1u2CET:DYZrhU2iF2NFECcQqcF0N8FLBC4pr7HKK2dBJ44QS7I	2025-04-22 23:55:29.183974+07
p2bq4ra01b3ulz1e219lh0v9mwuu2yd7	.eJxVjEEOwiAQRe_C2hDoQAWX7nsGMsyAVA0kpV0Z765NutDtf-_9lwi4rSVsPS1hZnERWpx-t4j0SHUHfMd6a5JaXZc5yl2RB-1yapye18P9OyjYy7c25DCyYsrRaqdHlX3iM_iRovcKFFjIAxqk5DIpBnKAhp1Ga7zLA4n3B_uMOGE:1u2CFQ:HBZr9BWxCf1OU_RtzdXhpdpWC3LMOl2kH7WtY-Lk5Hg	2025-04-22 23:56:28.100915+07
il0lxvpeuekknsmtjekr2kyqfqa9sliv	.eJxVjEEOwiAQRe_C2hDoQAWX7nsGMsyAVA0kpV0Z765NutDtf-_9lwi4rSVsPS1hZnERWpx-t4j0SHUHfMd6a5JaXZc5yl2RB-1yapye18P9OyjYy7c25DCyYsrRaqdHlX3iM_iRovcKFFjIAxqk5DIpBnKAhp1Ga7zLA4n3B_uMOGE:1u2CIq:XfgvOYm2j1piBz6z50i0T3SWoo28Zm37E-iLxRERm18	2025-04-23 00:00:00.276949+07
qlvgfjy4qxlu3u53re5bn7gm25whw3q8	.eJxVjEEOwiAQRe_C2hDoQAWX7nsGMsyAVA0kpV0Z765NutDtf-_9lwi4rSVsPS1hZnERWpx-t4j0SHUHfMd6a5JaXZc5yl2RB-1yapye18P9OyjYy7c25DCyYsrRaqdHlX3iM_iRovcKFFjIAxqk5DIpBnKAhp1Ga7zLA4n3B_uMOGE:1u2CMY:VnhBOv9piL7jEkWwPo0C4coib00rjVN2stYuz_4O0ZA	2025-04-23 00:03:50.868092+07
2dmxmkv617p9xk5yzqnw055du8ppaylt	.eJxVjEEOwiAQRe_C2hDoQAWX7nsGMsyAVA0kpV0Z765NutDtf-_9lwi4rSVsPS1hZnERWpx-t4j0SHUHfMd6a5JaXZc5yl2RB-1yapye18P9OyjYy7c25DCyYsrRaqdHlX3iM_iRovcKFFjIAxqk5DIpBnKAhp1Ga7zLA4n3B_uMOGE:1u2Cz8:yJh2wUxaq1FesOB3SQ2GQYGLYbt-9dHkGyw9lkZsmSE	2025-04-23 00:43:42.350344+07
8tbaqaq20r47ulh9vlwmq53m0ogaqe9c	.eJxVjEEOwiAQRe_C2hDoQAWX7nsGMsyAVA0kpV0Z765NutDtf-_9lwi4rSVsPS1hZnERWpx-t4j0SHUHfMd6a5JaXZc5yl2RB-1yapye18P9OyjYy7c25DCyYsrRaqdHlX3iM_iRovcKFFjIAxqk5DIpBnKAhp1Ga7zLA4n3B_uMOGE:1u2nG9:ud6Oh03CyDc5TfFcltu4c1zUe_tVB2vmaQHo5vEEZ58	2025-04-24 15:27:41.617442+07
0hz37k71z8aj3wl57023jfggwck75htr	.eJxVjEEOwiAQRe_C2hDoQAWX7nsGMsyAVA0kpV0Z765NutDtf-_9lwi4rSVsPS1hZnERWpx-t4j0SHUHfMd6a5JaXZc5yl2RB-1yapye18P9OyjYy7c25DCyYsrRaqdHlX3iM_iRovcKFFjIAxqk5DIpBnKAhp1Ga7zLA4n3B_uMOGE:1u2nQ4:dLkSUQcrjYgOfLohY_eYPAIYRV2wyDtE3M2OtfgxkTc	2025-04-24 15:37:56.32139+07
vgnr1094t0cfl4iothjq5lqc8eer4ima	.eJxVjEEOwiAQRe_C2hDoQAWX7nsGMsyAVA0kpV0Z765NutDtf-_9lwi4rSVsPS1hZnERWpx-t4j0SHUHfMd6a5JaXZc5yl2RB-1yapye18P9OyjYy7c25DCyYsrRaqdHlX3iM_iRovcKFFjIAxqk5DIpBnKAhp1Ga7zLA4n3B_uMOGE:1u2nVK:e0S2iHazRgp3Hi_nnqA_uWgSIR79MIR03eeISiulPHc	2025-04-24 15:43:22.267599+07
y75jrao96qg86cv0tvhffatvgw7gcpup	.eJxVjEEOwiAQRe_C2hDoQAWX7nsGMsyAVA0kpV0Z765NutDtf-_9lwi4rSVsPS1hZnERWpx-t4j0SHUHfMd6a5JaXZc5yl2RB-1yapye18P9OyjYy7c25DCyYsrRaqdHlX3iM_iRovcKFFjIAxqk5DIpBnKAhp1Ga7zLA4n3B_uMOGE:1u2nc4:qqSltyDBE-p7xN6xwGKLwSm8hGCoUfBn-PzIeWW_fHA	2025-04-24 15:50:20.574496+07
m9euduzxre99ulu5o33rp6py0a4s1j3i	.eJxVjEEOwiAQRe_C2hDoQAWX7nsGMsyAVA0kpV0Z765NutDtf-_9lwi4rSVsPS1hZnERWpx-t4j0SHUHfMd6a5JaXZc5yl2RB-1yapye18P9OyjYy7c25DCyYsrRaqdHlX3iM_iRovcKFFjIAxqk5DIpBnKAhp1Ga7zLA4n3B_uMOGE:1u2ncV:ElNpFGunP5fnbj0uBwFYFlmZznPmrxmdND38_HQejH0	2025-04-24 15:50:47.313752+07
0gu4dsd89tjgkau3eocnjs9fkflvq74x	.eJxVjEEOwiAQRe_C2hDoQAWX7nsGMsyAVA0kpV0Z765NutDtf-_9lwi4rSVsPS1hZnERWpx-t4j0SHUHfMd6a5JaXZc5yl2RB-1yapye18P9OyjYy7c25DCyYsrRaqdHlX3iM_iRovcKFFjIAxqk5DIpBnKAhp1Ga7zLA4n3B_uMOGE:1u2ngl:O0vzkPJYADE_6ngVPWRvEzWkzQ5vgHl6Y-jSnQkPvL4	2025-04-24 15:55:11.479757+07
uouukfqxd0lfv3cki82tu5ksgraixmyr	.eJxVjEEOwiAQRe_C2hDoQAWX7nsGMsyAVA0kpV0Z765NutDtf-_9lwi4rSVsPS1hZnERWpx-t4j0SHUHfMd6a5JaXZc5yl2RB-1yapye18P9OyjYy7c25DCyYsrRaqdHlX3iM_iRovcKFFjIAxqk5DIpBnKAhp1Ga7zLA4n3B_uMOGE:1u2nwF:ouQfl2NbaNVgxWcVF6RNv5HwDfQk-UN0ulfnYer0y28	2025-04-24 16:11:11.971595+07
gcxk6xtz7of7ml84q2a3mj36m4zp103r	.eJxVjEEOwiAQRe_C2hDoQAWX7nsGMsyAVA0kpV0Z765NutDtf-_9lwi4rSVsPS1hZnERWpx-t4j0SHUHfMd6a5JaXZc5yl2RB-1yapye18P9OyjYy7c25DCyYsrRaqdHlX3iM_iRovcKFFjIAxqk5DIpBnKAhp1Ga7zLA4n3B_uMOGE:1u3VId:39UO0gNdEWwPgLj8qaTMAIixAxn6xy9leaeN33hJQW4	2025-04-26 14:29:11.607184+07
ok19dpjzcrjm7k6u5uj9b3xoudn5ifu1	.eJxVjEEOwiAQRe_C2hDoQAWX7nsGMsyAVA0kpV0Z765NutDtf-_9lwi4rSVsPS1hZnERWpx-t4j0SHUHfMd6a5JaXZc5yl2RB-1yapye18P9OyjYy7c25DCyYsrRaqdHlX3iM_iRovcKFFjIAxqk5DIpBnKAhp1Ga7zLA4n3B_uMOGE:1u2nwd:EAZDUTzBfRZN5deGZvab-gufdKeWZbs1S1SLafGProQ	2025-04-24 16:11:35.653109+07
uy6az1lnbkn313h9ttrllhfcxg2hocnh	.eJxVjEEOwiAQRe_C2hDoQAWX7nsGMsyAVA0kpV0Z765NutDtf-_9lwi4rSVsPS1hZnERWpx-t4j0SHUHfMd6a5JaXZc5yl2RB-1yapye18P9OyjYy7c25DCyYsrRaqdHlX3iM_iRovcKFFjIAxqk5DIpBnKAhp1Ga7zLA4n3B_uMOGE:1u3VJ7:lPQxaAILYJ7Wy7GJyb9CLvnJ0_7nxzJ4rEBb8QB1wzc	2025-04-26 14:29:41.59834+07
9afz4brmk2rrp9e69odq7dc5hl9uh0nu	.eJxVjEEOwiAQRe_C2hDoQAWX7nsGMsyAVA0kpV0Z765NutDtf-_9lwi4rSVsPS1hZnERWpx-t4j0SHUHfMd6a5JaXZc5yl2RB-1yapye18P9OyjYy7c25DCyYsrRaqdHlX3iM_iRovcKFFjIAxqk5DIpBnKAhp1Ga7zLA4n3B_uMOGE:1u3tNA:Ul-ZeR3XVB4zT7Jtph5zBQ-X50HqccVS962-jZdc6dM	2025-04-27 16:11:28.528178+07
w1dunqe7kd3zf6p2uov5incecqi1ctbg	.eJxVjEEOwiAQRe_C2hDoQAWX7nsGMsyAVA0kpV0Z765NutDtf-_9lwi4rSVsPS1hZnERWpx-t4j0SHUHfMd6a5JaXZc5yl2RB-1yapye18P9OyjYy7c25DCyYsrRaqdHlX3iM_iRovcKFFjIAxqk5DIpBnKAhp1Ga7zLA4n3B_uMOGE:1u3tjE:ys2Y8Fo-vvlWT1edFK00lYHoKV667DLVMyoEaEp_Ywc	2025-04-27 16:34:16.921695+07
ztmlbw48kvet3jnkstg1ftydp1zdo0zr	.eJxVjEEOwiAQRe_C2hDoQAWX7nsGMsyAVA0kpV0Z765NutDtf-_9lwi4rSVsPS1hZnERWpx-t4j0SHUHfMd6a5JaXZc5yl2RB-1yapye18P9OyjYy7c25DCyYsrRaqdHlX3iM_iRovcKFFjIAxqk5DIpBnKAhp1Ga7zLA4n3B_uMOGE:1u2sCM:wGya_rHjOc5Q2cykR-SLDqGaU4A39sH0QFHB9zznxcA	2025-04-24 20:44:06.94604+07
oq7llq40mc8oo4icsffcl7tejog0eqgs	.eJxVjEEOwiAQRe_C2hDoQAWX7nsGMsyAVA0kpV0Z765NutDtf-_9lwi4rSVsPS1hZnERWpx-t4j0SHUHfMd6a5JaXZc5yl2RB-1yapye18P9OyjYy7c25DCyYsrRaqdHlX3iM_iRovcKFFjIAxqk5DIpBnKAhp1Ga7zLA4n3B_uMOGE:1u2sLu:90qmp4_zLvwB-3fE_iD1N56whAufYImanAZlK4YDgVM	2025-04-24 20:53:58.801529+07
she4tzzb0ypwibvn510jbgfugtn091gw	.eJxVjEEOwiAQRe_C2hDoQAWX7nsGMsyAVA0kpV0Z765NutDtf-_9lwi4rSVsPS1hZnERWpx-t4j0SHUHfMd6a5JaXZc5yl2RB-1yapye18P9OyjYy7c25DCyYsrRaqdHlX3iM_iRovcKFFjIAxqk5DIpBnKAhp1Ga7zLA4n3B_uMOGE:1u2sMm:C8PHK9CA5cqxySSGs7gch8cJrtGST2hibhpEf6Cy94Y	2025-04-24 20:54:52.106454+07
ff6kfkpy8rmvn9e5qihtunief2lxp8o6	.eJxVjEEOwiAQRe_C2hDoQAWX7nsGMsyAVA0kpV0Z765NutDtf-_9lwi4rSVsPS1hZnERWpx-t4j0SHUHfMd6a5JaXZc5yl2RB-1yapye18P9OyjYy7c25DCyYsrRaqdHlX3iM_iRovcKFFjIAxqk5DIpBnKAhp1Ga7zLA4n3B_uMOGE:1u2sPZ:ZfuaGpBLWCnyuQRnwE8r-BK7XSfAZoZYwBpv1Lp2cj8	2025-04-24 20:57:45.197067+07
ja8xyaon9bz4xziq1bc310tgu80eypx8	.eJxVjEEOwiAQRe_C2hDoQAWX7nsGMsyAVA0kpV0Z765NutDtf-_9lwi4rSVsPS1hZnERWpx-t4j0SHUHfMd6a5JaXZc5yl2RB-1yapye18P9OyjYy7c25DCyYsrRaqdHlX3iM_iRovcKFFjIAxqk5DIpBnKAhp1Ga7zLA4n3B_uMOGE:1u2sxm:ElWQP9L8Gv-iZKQ-tIAAfaXrVjxj0fOhAQqFOclptH4	2025-04-24 21:33:06.19315+07
zvg0ukqolqupmn1yuh3ab5phbwunrz25	.eJxVjEEOwiAQRe_C2hDoQAWX7nsGMsyAVA0kpV0Z765NutDtf-_9lwi4rSVsPS1hZnERWpx-t4j0SHUHfMd6a5JaXZc5yl2RB-1yapye18P9OyjYy7c25DCyYsrRaqdHlX3iM_iRovcKFFjIAxqk5DIpBnKAhp1Ga7zLA4n3B_uMOGE:1u2sya:QfVyMX6M3iq1k6SbipPq-U21fOUPIkPus8qJgNyBv7M	2025-04-24 21:33:56.689609+07
srsjqt95idtrf8g9pmt7ccovj9isu0wl	.eJxVjEEOwiAQRe_C2hDoQAWX7nsGMsyAVA0kpV0Z765NutDtf-_9lwi4rSVsPS1hZnERWpx-t4j0SHUHfMd6a5JaXZc5yl2RB-1yapye18P9OyjYy7c25DCyYsrRaqdHlX3iM_iRovcKFFjIAxqk5DIpBnKAhp1Ga7zLA4n3B_uMOGE:1u2tQK:qcrSGFZXKDvJicPSDIgOyKFHACa1Onmr2f9MI51Fob0	2025-04-24 22:02:36.990984+07
lxup528vxy9w4pasixbwahhuhruxmnfr	.eJxVjEEOwiAQRe_C2hDoQAWX7nsGMsyAVA0kpV0Z765NutDtf-_9lwi4rSVsPS1hZnERWpx-t4j0SHUHfMd6a5JaXZc5yl2RB-1yapye18P9OyjYy7c25DCyYsrRaqdHlX3iM_iRovcKFFjIAxqk5DIpBnKAhp1Ga7zLA4n3B_uMOGE:1u2tWQ:9RZW2CnkFpBBcG20TIvWA_Yh2eO1R9V8_xuaU6MfI1Y	2025-04-24 22:08:54.971845+07
t862qceyuf2aqdyntml2tgd8wl6v9tvw	.eJxVjEEOwiAQRe_C2hDoQAWX7nsGMsyAVA0kpV0Z765NutDtf-_9lwi4rSVsPS1hZnERWpx-t4j0SHUHfMd6a5JaXZc5yl2RB-1yapye18P9OyjYy7c25DCyYsrRaqdHlX3iM_iRovcKFFjIAxqk5DIpBnKAhp1Ga7zLA4n3B_uMOGE:1u2tbp:DAm_OZe68DlWjWR35twpDlrOfLXoWJNGsDJZXHSmMMM	2025-04-24 22:14:29.632841+07
otflq375n0etgtonr1hpeee5b1emj104	.eJxVjEEOwiAQRe_C2hDoQAWX7nsGMsyAVA0kpV0Z765NutDtf-_9lwi4rSVsPS1hZnERWpx-t4j0SHUHfMd6a5JaXZc5yl2RB-1yapye18P9OyjYy7c25DCyYsrRaqdHlX3iM_iRovcKFFjIAxqk5DIpBnKAhp1Ga7zLA4n3B_uMOGE:1u2tgp:KAQR56Li5E-N_xJUuvE6rVxxuj2XzeXY9AXBAcQCUlU	2025-04-24 22:19:39.823092+07
xjy3fjzsguth50phzcjpbbhha2j9nbzu	.eJxVjEEOwiAQRe_C2hDoQAWX7nsGMsyAVA0kpV0Z765NutDtf-_9lwi4rSVsPS1hZnERWpx-t4j0SHUHfMd6a5JaXZc5yl2RB-1yapye18P9OyjYy7c25DCyYsrRaqdHlX3iM_iRovcKFFjIAxqk5DIpBnKAhp1Ga7zLA4n3B_uMOGE:1u2uS4:yu7f_-PqfXsWSO1BpCn1QULxoY6gkFa5OR16gHm4XKo	2025-04-24 23:08:28.898775+07
7nre7hfmlj26u8npgy1x8lmyplffte40	.eJxVjMsOwiAQRf-FtSEtlKG4dO83kIGZkaqBpI-V8d-1SRe6veec-1IRt7XEbeE5TqTOCtTpd0uYH1x3QHest6Zzq-s8Jb0r-qCLvjbi5-Vw_w4KLuVb9ygy0mAAfbZgA6fQORYCGb1Hg4ZzJ4NzDD16z2QhgKEU7CASHLB6fwD7gjhZ:1u2xX7:PPI5pv_e-67HtchSyMHeMgco3dZ6rKgaBrHrLq1pTVs	2025-04-25 02:25:53.889523+07
9h9liu6wflfvbbq99ti9y0x9c43krjz4	.eJxVjMsOwiAQRf-FtSEtlKG4dO83kIGZkaqBpI-V8d-1SRe6veec-1IRt7XEbeE5TqTOCtTpd0uYH1x3QHest6Zzq-s8Jb0r-qCLvjbi5-Vw_w4KLuVb9ygy0mAAfbZgA6fQORYCGb1Hg4ZzJ4NzDD16z2QhgKEU7CASHLB6fwD7gjhZ:1u2yLI:eaJx43ZjD4KMk71cKMtHJPSzEdMra7503TexZbCsPpM	2025-04-25 03:17:44.692652+07
2wx3oyki1h29612yj7j6io5i5o5grkbo	.eJxVjMsOwiAQRf-FtSEtlKG4dO83kIGZkaqBpI-V8d-1SRe6veec-1IRt7XEbeE5TqTOCtTpd0uYH1x3QHest6Zzq-s8Jb0r-qCLvjbi5-Vw_w4KLuVb9ygy0mAAfbZgA6fQORYCGb1Hg4ZzJ4NzDD16z2QhgKEU7CASHLB6fwD7gjhZ:1u2yRV:RFSxf3950xbfidpB8PAcWK8QrVEaLp0fnHS83r2mcqk	2025-04-25 03:24:09.066801+07
ezhou397ifxlionmj5kcbzpz72imsteh	.eJxVjMsOwiAQRf-FtSEtlKG4dO83kIGZkaqBpI-V8d-1SRe6veec-1IRt7XEbeE5TqTOCtTpd0uYH1x3QHest6Zzq-s8Jb0r-qCLvjbi5-Vw_w4KLuVb9ygy0mAAfbZgA6fQORYCGb1Hg4ZzJ4NzDD16z2QhgKEU7CASHLB6fwD7gjhZ:1u2yRm:l-A5PxoFislI5AqQZnzYnVd-SlPiEYIJzwUxBUVVcjI	2025-04-25 03:24:26.496807+07
be0ot7mriwpeur3n5ebriyf8ziwq5deh	.eJxVjMsOwiAQRf-FtSEtlKG4dO83kIGZkaqBpI-V8d-1SRe6veec-1IRt7XEbeE5TqTOCtTpd0uYH1x3QHest6Zzq-s8Jb0r-qCLvjbi5-Vw_w4KLuVb9ygy0mAAfbZgA6fQORYCGb1Hg4ZzJ4NzDD16z2QhgKEU7CASHLB6fwD7gjhZ:1u37Nd:UOFlj5waNhLZcNhS3txB3smZOVRyo4x1p7iYHKUJZCs	2025-04-25 12:56:45.907214+07
1wxacig1b0uye6rf1whar5118lihk1gx	.eJxVjEEOwiAQRe_C2hDoQAWX7nsGMsyAVA0kpV0Z765NutDtf-_9lwi4rSVsPS1hZnERWpx-t4j0SHUHfMd6a5JaXZc5yl2RB-1yapye18P9OyjYy7c25DCyYsrRaqdHlX3iM_iRovcKFFjIAxqk5DIpBnKAhp1Ga7zLA4n3B_uMOGE:1u3FQD:eX0_IEhZ_dOl6LyrLvk5eQzbyY73caGxb2fBAjsIAAI	2025-04-25 21:31:57.793902+07
n4hzkc9weosxqd38q28qyjonce7f327h	.eJxVjEEOwiAQRe_C2hDoQAWX7nsGMsyAVA0kpV0Z765NutDtf-_9lwi4rSVsPS1hZnERWpx-t4j0SHUHfMd6a5JaXZc5yl2RB-1yapye18P9OyjYy7c25DCyYsrRaqdHlX3iM_iRovcKFFjIAxqk5DIpBnKAhp1Ga7zLA4n3B_uMOGE:1u3FQW:3YBnAFj5rv5iI4eMisiz1Wd1Z2FPF_9ddRNfYGynopU	2025-04-25 21:32:16.192247+07
5mjzoreuf12xevtzbzsoah76nn3uocdm	.eJxVjEEOwiAQRe_C2hDoQAWX7nsGMsyAVA0kpV0Z765NutDtf-_9lwi4rSVsPS1hZnERWpx-t4j0SHUHfMd6a5JaXZc5yl2RB-1yapye18P9OyjYy7c25DCyYsrRaqdHlX3iM_iRovcKFFjIAxqk5DIpBnKAhp1Ga7zLA4n3B_uMOGE:1u3VC3:RY9TCaX1pQka5L82EJwaY_aU-pqaCMnUZFWp3tD6YKM	2025-04-26 14:22:23.701378+07
9azohyqp8r6jz4vpvng1kwyq8k4q906k	.eJxVjEEOwiAQRe_C2hDoQAWX7nsGMsyAVA0kpV0Z765NutDtf-_9lwi4rSVsPS1hZnERWpx-t4j0SHUHfMd6a5JaXZc5yl2RB-1yapye18P9OyjYy7c25DCyYsrRaqdHlX3iM_iRovcKFFjIAxqk5DIpBnKAhp1Ga7zLA4n3B_uMOGE:1u3tnO:O1Qy-v2g1f0mlcz_UBQjh2R_5a7Eh-NHdwllv85rMmQ	2025-04-27 16:38:34.547517+07
9sxixzip52u78im8f97srh4s8jw2r0m0	.eJxVjDsOgzAQRO_iOrJY5A-bMn3OYK29S0wSGQlDhXL3GIki6UZv3syuAm1rDluVJUysrsqAuvzCSOkl5Wj4SeUx6zSXdZmiPhR9tlXfZ5b37XT_DjLV3NYwWECgPnZs2EMij3YwriOHLCKISTwZJmSMZEccwTTQguHYO2vV5wsKCziB:1u6Ra6:TejUEdt41R3Wc63VuMkf4JMYb5JNrQP6MD8IitK72mo	2025-05-04 17:07:22.862027+07
ijqntcnyfg0yt31lb2pkjcvsd5g45ovk	.eJxVjEEOwiAQRe_C2pABhVKX7j0DmWEGqRpISrsy3l2bdKHb_977LxVxXUpcu8xxYnVWDtThdyRMD6kb4TvWW9Op1WWeSG-K3mnX18byvOzu30HBXr61zxjAGpGETryxY8pCSCcCCo4T5COOKZjMNFB25NkHAhYc0KJHcOr9AUWzOc4:1u6ZmW:OVIO4i7pidWd412dAD7NQJfZ05ujtAXppYY04qGCh3E	2025-05-05 01:52:44.281272+07
sasw8ps2h56goe386trgrw0edkemu0ug	.eJxVjEEOwiAQRe_C2pABhVKX7j0DmWEGqRpISrsy3l2bdKHb_977LxVxXUpcu8xxYnVWDtThdyRMD6kb4TvWW9Op1WWeSG-K3mnX18byvOzu30HBXr61zxjAGpGETryxY8pCSCcCCo4T5COOKZjMNFB25NkHAhYc0KJHcOr9AUWzOc4:1u7GR0:dMRgkYdPS0D0PwD2k7GOLtxoWZNaljvqLh-dzE9zvJI	2025-05-06 23:25:22.550471+07
zhmhusap7ktagbxclblmk5wpiojy37vn	.eJxVjEEOwiAQRe_C2hDoQAWX7nsGMsyAVA0kpV0Z765NutDtf-_9lwi4rSVsPS1hZnERWpx-t4j0SHUHfMd6a5JaXZc5yl2RB-1yapye18P9OyjYy7c25DCyYsrRaqdHlX3iM_iRovcKFFjIAxqk5DIpBnKAhp1Ga7zLA4n3B_uMOGE:1u40sw:0rZStw_LtgIVBIrwUP6wDP5wgXKs4dki0TPMJU0wh7A	2025-04-28 00:12:46.788147+07
dtle1kiyyy0s0s1qxdzobpdfu2gixykl	.eJxVjDsOwyAQRO9CHSEwmE_K9D4DWtglOIlAMnYV5e6xJRdJN5r3Zt4swLaWsHVawozsyrRil98yQnpSPQg-oN4bT62uyxz5ofCTdj41pNftdP8OCvSyr_2QtREykkpuiEJgJIfaSW9BCUmJstHg9GjlHkF6b713BiWiEABjZp8vB4E4Ow:1u6Rio:ubCnEOtSTvSPivN3YaCCnxupY8WyBLukNWfGHdjkcR8	2025-05-04 17:16:22.993238+07
ao3nfguihd7kjcaki7a5y8fg9c2ilkmf	.eJxVjEEOwiAQRe_C2pABhVKX7j0DmWEGqRpISrsy3l2bdKHb_977LxVxXUpcu8xxYnVWDtThdyRMD6kb4TvWW9Op1WWeSG-K3mnX18byvOzu30HBXr61zxjAGpGETryxY8pCSCcCCo4T5COOKZjMNFB25NkHAhYc0KJHcOr9AUWzOc4:1u6Zxk:1ju4xIQ1x-qh7Pm0YS5IEZF-7ymn8S_8qDfknxggL5g	2025-05-05 02:04:20.809334+07
3wsdzj3q9bihxc8d8rtb9lpjmh6d0db3	.eJxVjEEOwiAQRe_C2pABhVKX7j0DmWEGqRpISrsy3l2bdKHb_977LxVxXUpcu8xxYnVWDtThdyRMD6kb4TvWW9Op1WWeSG-K3mnX18byvOzu30HBXr61zxjAGpGETryxY8pCSCcCCo4T5COOKZjMNFB25NkHAhYc0KJHcOr9AUWzOc4:1u7H0h:ZOGG_GuoiPuHq1d6PWFa2PsbaJemF9fUO1YenqaNnVI	2025-05-07 00:02:15.689889+07
gbgtgyzo9m8tk4zi27habhpry5eeuolk	.eJxVjEEOwiAQRe_C2hDoQAWX7nsGMsyAVA0kpV0Z765NutDtf-_9lwi4rSVsPS1hZnERWpx-t4j0SHUHfMd6a5JaXZc5yl2RB-1yapye18P9OyjYy7c25DCyYsrRaqdHlX3iM_iRovcKFFjIAxqk5DIpBnKAhp1Ga7zLA4n3B_uMOGE:1u412l:PAktFrD9X0sZjnSsKJRsilO8Ebq_ogW3K2WxgbvDSuA	2025-04-28 00:22:55.606703+07
3xop1vufurywcklwlagrj8gfmvilnr9n	.eJxVjDsOwyAQBe9CHSEDZv0p0-cMCHbXMQkByTZpotw9seTG7ZuZ9xEesdS8uTcvcYpMjl8-JjHmmtJFOF-32dWVFxdJjKJtxWkMHp-cd0IPn-9FYsnbEoPcFXnQVd4Kcboe7ulg9uv8r4PRAHZSvRm6BnQXQmsYYWAzaNTKNoiEEyhEi6Q091ZT01FQgL22AOL7A1MKQww:1u6TqL:fLESI7vYoWEe0reNQdXzoWjRIPZuXtvrXi22bx33oRQ	2025-05-04 19:32:17.691066+07
lt7fsvzjk6vfias53zv1df335e6t59cc	.eJxVjEEOwiAQRe_C2pABhVKX7j0DmWEGqRpISrsy3l2bdKHb_977LxVxXUpcu8xxYnVWDtThdyRMD6kb4TvWW9Op1WWeSG-K3mnX18byvOzu30HBXr61zxjAGpGETryxY8pCSCcCCo4T5COOKZjMNFB25NkHAhYc0KJHcOr9AUWzOc4:1u6Zxs:eJm47ZHMU4bAfy3vZ5jvPDmoueGfqYcsfDMJQV8sl3g	2025-05-05 02:04:28.398691+07
6zgbsqgzkit1hnwr9l0o5tkjzz1mshqo	.eJxVjEEOwiAQRe_C2hDoQAWX7nsGMsyAVA0kpV0Z765NutDtf-_9lwi4rSVsPS1hZnERWpx-t4j0SHUHfMd6a5JaXZc5yl2RB-1yapye18P9OyjYy7c25DCyYsrRaqdHlX3iM_iRovcKFFjIAxqk5DIpBnKAhp1Ga7zLA4n3B_uMOGE:1u412v:uc8xg8gIA4Ncmtmun7YL2aDeiyw0hOV9yiqLEZs725A	2025-04-28 00:23:05.310635+07
l7m17upagggyrfau0awsfrplkzfzpmq5	.eJxVjDsOwyAQRO9CHVnGfAIu0-cMaFmWmISAZJs0Ue4eW3LjbjTvzXwZINZWVvehOcVEwdEbUmZjaTlfmIO2Tq4tNLsU2MikZqfSA76o7CQ8oTxqh7Wsc_LdrnQHXbp7DZRvh3s6mGCZtjUog9FL31vPUSFqGY1VSm6JS20xcjVIy0lAfwXTGxu1EEJ5rWmIQQH7_QFu3ENM:1u6VPl:F_Dgr7zXQri1xx06jvJXk_0PziHGMIxDJv84yXG6KTg	2025-05-04 21:12:57.832594+07
81el59apyqdmmxe2cjp4ocn8x0xi6tmk	.eJxVjEEOwiAQRe_C2pABhVKX7j0DmWEGqRpISrsy3l2bdKHb_977LxVxXUpcu8xxYnVWDtThdyRMD6kb4TvWW9Op1WWeSG-K3mnX18byvOzu30HBXr61zxjAGpGETryxY8pCSCcCCo4T5COOKZjMNFB25NkHAhYc0KJHcOr9AUWzOc4:1u6a6B:SVlKQyWYnHnYq8W4guNPuwPO5VnbMqT86Nj9-afkj-A	2025-05-05 02:13:03.692308+07
5aec8fsxrv5m4kuls8jgwq2ocokhwct3	.eJxVjEEOwiAQRe_C2hDoQAWX7nsGMsyAVA0kpV0Z765NutDtf-_9lwi4rSVsPS1hZnERWpx-t4j0SHUHfMd6a5JaXZc5yl2RB-1yapye18P9OyjYy7c25DCyYsrRaqdHlX3iM_iRovcKFFjIAxqk5DIpBnKAhp1Ga7zLA4n3B_uMOGE:1u43It:thQ9aNmHwZ3mGt4vBYD9OawBUZLXidZmnRS2pt8y5eU	2025-04-28 02:47:43.446564+07
5aho1hop1ay6hwn4yvzx9m7b1whb3i0w	.eJxVjDsOwjAQBe_iGkXk76Wk5wzWej_EYGwpiWkQd4dIadK-mXkfg0S5pNW9ZQ4ahJ28MERzSSXGk3FY1smVRWYX2FxMN5rD6JGekjbCD0z3XFFO6xx8tSnVTpfqllnidXcPBxMu078G762yNOrrXgV6BuyGQUCpG6w2PTGexxbZ1xaQW0sM3PgWtB4tkFXz_QGi4kS9:1u6VxL:aZCrtFOAEna6KYWZNYpKNa0Me6IsmyD5x54Ubi_h5oo	2025-05-04 21:47:39.468739+07
fomy5ym5fi4k9s7mrigj1rmnf0ymc7hs	.eJxVjEEOwiAQRe_C2pABhVKX7j0DmWEGqRpISrsy3l2bdKHb_977LxVxXUpcu8xxYnVWDtThdyRMD6kb4TvWW9Op1WWeSG-K3mnX18byvOzu30HBXr61zxjAGpGETryxY8pCSCcCCo4T5COOKZjMNFB25NkHAhYc0KJHcOr9AUWzOc4:1u6jhv:XYILTjjIO2wSHBxzGn-DP82s_MVN7x6oayS5SXpLKGw	2025-05-05 12:28:39.348926+07
6oywiv19fq5sckprxdgsqrxdv7qqz8m6	.eJxVjEEOwiAQRe_C2hDoQAWX7nsGMsyAVA0kpV0Z765NutDtf-_9lwi4rSVsPS1hZnERWpx-t4j0SHUHfMd6a5JaXZc5yl2RB-1yapye18P9OyjYy7c25DCyYsrRaqdHlX3iM_iRovcKFFjIAxqk5DIpBnKAhp1Ga7zLA4n3B_uMOGE:1u4Joe:Tc4pgUXKS6RyJRnL0D9ISV9dTIaKPUoHf5AqbDLpBlQ	2025-04-28 20:25:36.12497+07
7rqs33npd9c5k23v9jyj1yqckergctdp	.eJxVjEEOgyAQAP_CuSFQFRePvfcNBHaXSkshUeml6d8bEy9eZybzFR6xtrK5Dy8pJibHb5-ymErL-SKcb9vs2sqLSyQm0YM4weDxxWU39PTlUSXWsi0pyD2Rh13lvRLn29GeBrNf5_2LFgYm6lBHNaIGbQmNRRxUiMFEG6KK_jrgaMGYnoxigE51KujRgAri9weBwkOC:1u6Vz2:tRjD61a30WEf2WodZ33dix8MeYB6oKuRfrxG2aA7Xp4	2025-05-04 21:49:24.730463+07
h8ylnjtmi8xresajgqu1gean36jt82ix	.eJxVjEEOwiAQRe_C2pABhVKX7j0DmWEGqRpISrsy3l2bdKHb_977LxVxXUpcu8xxYnVWDtThdyRMD6kb4TvWW9Op1WWeSG-K3mnX18byvOzu30HBXr61zxjAGpGETryxY8pCSCcCCo4T5COOKZjMNFB25NkHAhYc0KJHcOr9AUWzOc4:1u6kDu:kE7zFzpiZp_mZQEsd-CUTWYoDwXznLMGDRbWKqa7ZXI	2025-05-05 13:01:42.354738+07
jmv6kj0bwdtlxg18ggh0njm0kqnzo8lo	.eJxVjMsOwiAQRf-FtSEglGFcuu83kBkeUjU0Ke3K-O_apAvd3nPOfYlA21rD1vMSpiQuYhCn340pPnLbQbpTu80yzm1dJpa7Ig_a5Tin_Lwe7t9BpV6_NbAxyqEvAGytUj4qJCRvNSZI9mwQGQcCHYtykMlrZUpmBHKJOBbx_gC-7ze5:1u69Ky:a_AyoToQmZQEWLJ_N4qxmEoY8eN6vOXigaBYBvFeq8Q	2025-05-03 21:38:32.761008+07
q1p07lx7tmfyobn6bigm547h179tl8lm	.eJxVjDsOwyAQBe9CHSFjbD4u0-cMaFmWmISAZJs0Ue6eWHLj9s3M-zBArK1s7k1LiomCoxekzKbScr4wB22bXVtpcSmwiQ2WnUYP-KSyk_CAcq8ca9mW5Pmu8IOu_FYD5evhng5mWOd_TWrUgyDrBZIRpDrAXvuotJSxJxyRrBRGqdgJbbyCOHihTCCLEkUAxb4_c5tD3w:1u6W87:x-HLFVIHHAZ59XpLHGjSX6DzoqGzXRE-peKB5FDikOk	2025-05-04 21:58:47.672284+07
nh69mv5gbpi2k9vqvt9dbfft9rp5c7mo	.eJxVjEEOwiAQRe_C2pABhVKX7j0DmWEGqRpISrsy3l2bdKHb_977LxVxXUpcu8xxYnVWDtThdyRMD6kb4TvWW9Op1WWeSG-K3mnX18byvOzu30HBXr61zxjAGpGETryxY8pCSCcCCo4T5COOKZjMNFB25NkHAhYc0KJHcOr9AUWzOc4:1u6kR4:61LTiIc8V99i8WIBR9xe2dzs3Lk614mkxJwbHcos0ic	2025-05-05 13:15:18.640096+07
v7mhr4hfwour0nsca2x8c09dvt7lx0gk	.eJxVjEEOwiAQRe_C2hDoQAWX7nsGMsyAVA0kpV0Z765NutDtf-_9lwi4rSVsPS1hZnERWpx-t4j0SHUHfMd6a5JaXZc5yl2RB-1yapye18P9OyjYy7c25DCyYsrRaqdHlX3iM_iRovcKFFjIAxqk5DIpBnKAhp1Ga7zLA4n3B_uMOGE:1u5gz6:8z7_IXy1PU4bOdluclyjKQaLPRKAuWXnR5sOCLXfSyQ	2025-05-02 15:22:04.568981+07
j6mq13mnyvwkpa3hkbvqeccjmatk6y6i	.eJxVjE0OgjAYBe_StSEFbSks3XuG5vurVGubAHVjvLuSsGH7ZuZ9FBCVmlf_ljmGKOzlBTGpMdeUTspDXSdfF5l9ZDUqo9VhRKCn5I3wA_K9NFTyOkdsNqXZ6dLcCku67u7hYIJl-tc2gNNdK0JgxLbdQEEQ8IIanWHS4QwDuTYw9hgMWrYONQv00IEFbdT3B6V0RTQ:1u6WCm:uJ_SNdG_En07T9JrsU6ZQuTLqaDAxwzHsVOMzUwTwAY	2025-05-04 22:03:36.407219+07
kczfcrgeldz8db5w75e7bncijibc5klq	.eJxVjEEOwiAQRe_C2pABhVKX7j0DmWEGqRpISrsy3l2bdKHb_977LxVxXUpcu8xxYnVWDtThdyRMD6kb4TvWW9Op1WWeSG-K3mnX18byvOzu30HBXr61zxjAGpGETryxY8pCSCcCCo4T5COOKZjMNFB25NkHAhYc0KJHcOr9AUWzOc4:1u6kSS:NHceje2cAHN-XKclr5EkQgfetoy33fWyY3-cdRn-b9A	2025-05-05 13:16:44.140122+07
d4i81u18v5hks4oliyjjruyzocx72b5h	.eJxVjMsOwiAQRf-FtSEtlKG4dO83kIGZkaqBpI-V8d-1SRe6veec-1IRt7XEbeE5TqTOCtTpd0uYH1x3QHest6Zzq-s8Jb0r-qCLvjbi5-Vw_w4KLuVb9ygy0mAAfbZgA6fQORYCGb1Hg4ZzJ4NzDD16z2QhgKEU7CASHLB6fwD7gjhZ:1u5gzc:2IM8oa4Or1vPQtG4lXehHA17k2r4258TR3KFnPBSHIw	2025-05-02 15:22:36.352971+07
lb57f26aonxgyovfp08bd9bpzmo1gtw8	.eJxVjEEOwiAQRe_C2hDoQAWX7nsGMsyAVA0kpV0Z765NutDtf-_9lwi4rSVsPS1hZnERWpx-t4j0SHUHfMd6a5JaXZc5yl2RB-1yapye18P9OyjYy7c25DCyYsrRaqdHlX3iM_iRovcKFFjIAxqk5DIpBnKAhp1Ga7zLA4n3B_uMOGE:1u6N3a:-AGg81B_OgPur_qVTbB1bVdeRElYfByZgmzQhzcfns8	2025-05-04 12:17:30.074811+07
i6biiojkm1qh04oehs5bt6axmw6fazf4	.eJxVjEEOwiAQRe_C2pABhVKX7j0DmWEGqRpISrsy3l2bdKHb_977LxVxXUpcu8xxYnVWDtThdyRMD6kb4TvWW9Op1WWeSG-K3mnX18byvOzu30HBXr61zxjAGpGETryxY8pCSCcCCo4T5COOKZjMNFB25NkHAhYc0KJHcOr9AUWzOc4:1u6X2Z:X3PGT28QNH2JMGWsrQCofdNHMAeL8U0LorCgAXHYAe8	2025-05-04 22:57:07.522894+07
mwf4zwqt5uy3rb6jdj5isc79okj9g8kd	.eJxVjDsOgzAQRO_iOrJY5A-bMn3OYK29S0wSGQlDhXL3GIki6UZv3syuAm1rDluVJUysrsqAuvzCSOkl5Wj4SeUx6zSXdZmiPhR9tlXfZ5b37XT_DjLV3NYwWECgPnZs2EMij3YwriOHLCKISTwZJmSMZEccwTTQguHYO2vV5wsKCziB:1u6kVB:7v_4EfZegNPPe0CD8-DJTM63mLAPdFgIvFMefkaYic0	2025-05-05 13:19:33.191507+07
pdscacps5q2keit2mo46qkglg0posk2y	.eJxVjMsOwiAQRf-FtSEtlKG4dO83kIGZkaqBpI-V8d-1SRe6veec-1IRt7XEbeE5TqTOCtTpd0uYH1x3QHest6Zzq-s8Jb0r-qCLvjbi5-Vw_w4KLuVb9ygy0mAAfbZgA6fQORYCGb1Hg4ZzJ4NzDD16z2QhgKEU7CASHLB6fwD7gjhZ:1u5h64:1a1jphNTCga2zUtk4Lijf9oU5xnI96gHaIXvSTqdOsg	2025-05-02 15:29:16.055653+07
0hziscu4iyycph79t09gvemnqs046hq9	.eJxVjMsOwiAQRf-FtSEglGFcuu83kBkeUjU0Ke3K-O_apAvd3nPOfYlA21rD1vMSpiQuYhCn340pPnLbQbpTu80yzm1dJpa7Ig_a5Tin_Lwe7t9BpV6_NbAxyqEvAGytUj4qJCRvNSZI9mwQGQcCHYtykMlrZUpmBHKJOBbx_gC-7ze5:1u6NAW:iOTM7geh-0IXxe__tpQLaMr4Vn2RLrLncyMrI5gLoDg	2025-05-04 12:24:40.561392+07
xrsuzesttws5dx8ewi0fiomsflpkq0m3	.eJxVjEEOwiAQRe_C2pABhVKX7j0DmWEGqRpISrsy3l2bdKHb_977LxVxXUpcu8xxYnVWDtThdyRMD6kb4TvWW9Op1WWeSG-K3mnX18byvOzu30HBXr61zxjAGpGETryxY8pCSCcCCo4T5COOKZjMNFB25NkHAhYc0KJHcOr9AUWzOc4:1u6X2w:7yQoK05EjHRDn0biuAwmb3SjnahVlC960CLLRXkbWc8	2025-05-04 22:57:30.127169+07
2d2a55tx9b9anrlulmt7z82696q432pf	.eJxVjDsOgzAQRO_iOrJY5A-bMn3OYK29S0wSGQlDhXL3GIki6UZv3syuAm1rDluVJUysrsqAuvzCSOkl5Wj4SeUx6zSXdZmiPhR9tlXfZ5b37XT_DjLV3NYwWECgPnZs2EMij3YwriOHLCKISTwZJmSMZEccwTTQguHYO2vV5wsKCziB:1u6pnV:VQqtHDZohRsFq7vum9o73FlKptoTgwHF6sFojJ7_bjg	2025-05-05 18:58:49.931657+07
x2055g43o0rqafpwmqihl94dl7cjx71e	.eJxVjMsOwiAQRf-FtSEtlKG4dO83kIGZkaqBpI-V8d-1SRe6veec-1IRt7XEbeE5TqTOCtTpd0uYH1x3QHest6Zzq-s8Jb0r-qCLvjbi5-Vw_w4KLuVb9ygy0mAAfbZgA6fQORYCGb1Hg4ZzJ4NzDD16z2QhgKEU7CASHLB6fwD7gjhZ:1u5jDO:UVcxeyWS0eE61V2V5DNYt8tZMv8UEpYJ7MY-HmYx4tY	2025-05-02 17:44:58.995076+07
wcymo7mx72zey8cwpawwz5zuftewv9e1	.eJxVjMsOwiAQRf-FtSEglGFcuu83kBkeUjU0Ke3K-O_apAvd3nPOfYlA21rD1vMSpiQuYhCn340pPnLbQbpTu80yzm1dJpa7Ig_a5Tin_Lwe7t9BpV6_NbAxyqEvAGytUj4qJCRvNSZI9mwQGQcCHYtykMlrZUpmBHKJOBbx_gC-7ze5:1u6NAn:mLXItTJzTwVJjNFM2J-HJmflBImfZwkAxQO5sVm3Uqs	2025-05-04 12:24:57.894482+07
r3mze54qcd4usm0jcl8eq2s8t9zch4id	.eJxVjEEOwiAQRe_C2pABhVKX7j0DmWEGqRpISrsy3l2bdKHb_977LxVxXUpcu8xxYnVWDtThdyRMD6kb4TvWW9Op1WWeSG-K3mnX18byvOzu30HBXr61zxjAGpGETryxY8pCSCcCCo4T5COOKZjMNFB25NkHAhYc0KJHcOr9AUWzOc4:1u6X3E:0VrdvDmix8kEwH0_XYuPy_2gfK7ErtSliGs0uFc2zyY	2025-05-04 22:57:48.689149+07
zr19zd3cn10n6ypit06ie79tsdwvdcsb	.eJxVjEEOwiAQRe_C2pABhVKX7j0DmWEGqRpISrsy3l2bdKHb_977LxVxXUpcu8xxYnVWDtThdyRMD6kb4TvWW9Op1WWeSG-K3mnX18byvOzu30HBXr61zxjAGpGETryxY8pCSCcCCo4T5COOKZjMNFB25NkHAhYc0KJHcOr9AUWzOc4:1u7Drv:0GrkcW4ovp65flnvi6tPknqs1CEWSw1yEV3tudZYxnc	2025-05-06 20:40:59.341591+07
sj4z0yfdsw520bnvmf0mmz2s6nrtq0ro	.eJxVjMsOwiAQRf-FtSEtlKG4dO83kIGZkaqBpI-V8d-1SRe6veec-1IRt7XEbeE5TqTOCtTpd0uYH1x3QHest6Zzq-s8Jb0r-qCLvjbi5-Vw_w4KLuVb9ygy0mAAfbZgA6fQORYCGb1Hg4ZzJ4NzDD16z2QhgKEU7CASHLB6fwD7gjhZ:1u5jvf:1fafw-BZZ8WK4_o6s129ZJhG0g5n2Q-d22l4j1y4wpQ	2025-05-02 18:30:43.272668+07
fr7ds5t67vvboeb1sk6ikgfdowzvfnh7	.eJxVjEEOwiAQRe_C2hDoQAWX7nsGMsyAVA0kpV0Z765NutDtf-_9lwi4rSVsPS1hZnERWpx-t4j0SHUHfMd6a5JaXZc5yl2RB-1yapye18P9OyjYy7c25DCyYsrRaqdHlX3iM_iRovcKFFjIAxqk5DIpBnKAhp1Ga7zLA4n3B_uMOGE:1u6NMq:xxRlduAsJEOGRJfyQ9RSiztA4qsAmWGU8fDlk6F32_U	2025-05-04 12:37:24.878714+07
xkopl2ftjjb0mwb9mt14gtrw5hzye8sz	.eJxVjEEOwiAQRe_C2pABhVKX7j0DmWEGqRpISrsy3l2bdKHb_977LxVxXUpcu8xxYnVWDtThdyRMD6kb4TvWW9Op1WWeSG-K3mnX18byvOzu30HBXr61zxjAGpGETryxY8pCSCcCCo4T5COOKZjMNFB25NkHAhYc0KJHcOr9AUWzOc4:1u6Zd9:NRGa0AL249Taoe4MwcVHS562I7laxo4P8ePEYjYbsU4	2025-05-05 01:43:03.13285+07
i3ajvtjcgw1pw019wix6kgqgtbvvwsrz	.eJxVjEEOwiAQRe_C2pABhVKX7j0DmWEGqRpISrsy3l2bdKHb_977LxVxXUpcu8xxYnVWDtThdyRMD6kb4TvWW9Op1WWeSG-K3mnX18byvOzu30HBXr61zxjAGpGETryxY8pCSCcCCo4T5COOKZjMNFB25NkHAhYc0KJHcOr9AUWzOc4:1u7EDo:8cWVhx5RXUPOff_YJL500VFRURT8NNhz0sGc9CK7frs	2025-05-06 21:03:36.999741+07
r90nrbzn1cvmddv56k508ws56fzcbgo9	.eJxVjMsOwiAQRf-FtSEtlKG4dO83kIGZkaqBpI-V8d-1SRe6veec-1IRt7XEbeE5TqTOCtTpd0uYH1x3QHest6Zzq-s8Jb0r-qCLvjbi5-Vw_w4KLuVb9ygy0mAAfbZgA6fQORYCGb1Hg4ZzJ4NzDD16z2QhgKEU7CASHLB6fwD7gjhZ:1u5kCt:TXHa80IG-QqFItOrHs0wT3jsN5_4pb27RQ0ZQFPljnA	2025-05-02 18:48:31.802668+07
vol44gw3sdotjwgaybo7llypfscvgwy7	.eJxVjDsOgzAQRO_iOrJY5A-bMn3OYK29S0wSGQlDhXL3GIki6UZv3syuAm1rDluVJUysrsqAuvzCSOkl5Wj4SeUx6zSXdZmiPhR9tlXfZ5b37XT_DjLV3NYwWECgPnZs2EMij3YwriOHLCKISTwZJmSMZEccwTTQguHYO2vV5wsKCziB:1u6RNZ:tGZVBjrnSMZ0OEnpqbLkhLOUdT4HZfeAagQCM4rwvAQ	2025-05-04 16:54:25.756822+07
e1zpmli7zhmf33414upxx8vd47rtmcz3	.eJxVjEEOwiAQRe_C2pABhVKX7j0DmWEGqRpISrsy3l2bdKHb_977LxVxXUpcu8xxYnVWDtThdyRMD6kb4TvWW9Op1WWeSG-K3mnX18byvOzu30HBXr61zxjAGpGETryxY8pCSCcCCo4T5COOKZjMNFB25NkHAhYc0KJHcOr9AUWzOc4:1u6Zdm:c8oX0JzbUTAH86qdCyKCwbEsqyxMz0IIsQdIiJEGSZU	2025-05-05 01:43:42.622182+07
l9ux8optdq6mmh6uv3absf6lvnmvba6t	.eJxVjEEOwiAQRe_C2hDoQAWX7nsGMsyAVA0kpV0Z765NutDtf-_9lwi4rSVsPS1hZnERWpx-t4j0SHUHfMd6a5JaXZc5yl2RB-1yapye18P9OyjYy7c25DCyYsrRaqdHlX3iM_iRovcKFFjIAxqk5DIpBnKAhp1Ga7zLA4n3B_uMOGE:1u7G2Q:VYtglMzJt4SbqLrfczu4Kdq_tEGBfQ0FstSjRhEazjQ	2025-05-06 22:59:58.202776+07
sibtlpywk3zeq2j1z4weupaam2uh92be	.eJxVjMsOwiAQRf-FtSEtlKG4dO83kIGZkaqBpI-V8d-1SRe6veec-1IRt7XEbeE5TqTOCtTpd0uYH1x3QHest6Zzq-s8Jb0r-qCLvjbi5-Vw_w4KLuVb9ygy0mAAfbZgA6fQORYCGb1Hg4ZzJ4NzDD16z2QhgKEU7CASHLB6fwD7gjhZ:1u5lj8:CPFeUp4deWKOI0zez-D4KbdIK8VrhoQ8Ym-Bkhalqo0	2025-05-02 20:25:54.938475+07
xj4e27ni3exjr246y6mbjg425urqpxwp	.eJxVjDsOwyAQRO9CHSEwmE_K9D4DWtglOIlAMnYV5e6xJRdJN5r3Zt4swLaWsHVawozsyrRil98yQnpSPQg-oN4bT62uyxz5ofCTdj41pNftdP8OCvSyr_2QtREykkpuiEJgJIfaSW9BCUmJstHg9GjlHkF6b713BiWiEABjZp8vB4E4Ow:1u6RVK:pR4wMUwUpKQKw4VFKcy3y7AzwduzgHLVMzeXACOrS4w	2025-05-04 17:02:26.672185+07
urd8zcpg1e8t358pnqh7y1arnvlg8kc9	.eJxVjEEOwiAQRe_C2pABhVKX7j0DmWEGqRpISrsy3l2bdKHb_977LxVxXUpcu8xxYnVWDtThdyRMD6kb4TvWW9Op1WWeSG-K3mnX18byvOzu30HBXr61zxjAGpGETryxY8pCSCcCCo4T5COOKZjMNFB25NkHAhYc0KJHcOr9AUWzOc4:1u6ZhO:JDl5T-fH844AsoAxvHnQ4Hc7dN8cUJdm83K5dmJfUw8	2025-05-05 01:47:26.296004+07
n24vqc314asa6t5dulteojl14n4c0w5n	.eJxVjEEOwiAQRe_C2hDoQAWX7nsGMsyAVA0kpV0Z765NutDtf-_9lwi4rSVsPS1hZnERWpx-t4j0SHUHfMd6a5JaXZc5yl2RB-1yapye18P9OyjYy7c25DCyYsrRaqdHlX3iM_iRovcKFFjIAxqk5DIpBnKAhp1Ga7zLA4n3B_uMOGE:1u7G4L:fHn_NVU0W_lUfAqzIvNbTgB-obppcY4IA-Cd5NtXBPw	2025-05-06 23:01:57.653341+07
\.


--
-- Data for Name: django_site; Type: TABLE DATA; Schema: public; Owner: postgres
--

COPY public.django_site (id, domain, name) FROM stdin;
1	example.com	example.com
\.


--
-- Data for Name: messaging_conversation; Type: TABLE DATA; Schema: public; Owner: postgres
--

COPY public.messaging_conversation (id, created_at, updated_at) FROM stdin;
1	2025-04-18 15:16:03.643284+07	2025-04-18 15:16:03.643301+07
2	2025-04-18 20:23:12.112684+07	2025-04-18 20:23:12.112697+07
3	2025-04-19 14:52:50.908502+07	2025-04-19 14:52:50.908512+07
4	2025-04-19 21:50:28.902473+07	2025-04-19 21:50:28.902489+07
\.


--
-- Data for Name: messaging_conversation_participants; Type: TABLE DATA; Schema: public; Owner: postgres
--

COPY public.messaging_conversation_participants (id, conversation_id, customuser_id) FROM stdin;
\.


--
-- Data for Name: messaging_conversationaisettings; Type: TABLE DATA; Schema: public; Owner: postgres
--

COPY public.messaging_conversationaisettings (id, ai_mode, created_at, updated_at, fake_user_id, real_user_id) FROM stdin;
3	AUTO	2025-04-20 17:05:56.276915+07	2025-04-20 17:05:56.276926+07	42	41
\.


--
-- Data for Name: messaging_message; Type: TABLE DATA; Schema: public; Owner: postgres
--

COPY public.messaging_message (id, content, "timestamp", is_read, recipient_id, sender_id, image, conversation_id) FROM stdin;
23	Hallo TestFakeUser! (via Shell)	2025-04-20 16:59:53.522869+07	f	42	41	\N	\N
24	Zweite Nachricht, um AI zu testen.	2025-04-20 17:13:27.883891+07	f	42	41	\N	\N
25	Hallo! Wie geht es dir heute? Was hast du so vor?	2025-04-20 17:17:38.809756+07	f	41	42	\N	\N
\.


--
-- Data for Name: socialaccount_socialaccount; Type: TABLE DATA; Schema: public; Owner: postgres
--

COPY public.socialaccount_socialaccount (id, provider, uid, last_login, date_joined, extra_data, user_id) FROM stdin;
\.


--
-- Data for Name: socialaccount_socialapp; Type: TABLE DATA; Schema: public; Owner: postgres
--

COPY public.socialaccount_socialapp (id, provider, name, client_id, secret, key, provider_id, settings) FROM stdin;
\.


--
-- Data for Name: socialaccount_socialapp_sites; Type: TABLE DATA; Schema: public; Owner: postgres
--

COPY public.socialaccount_socialapp_sites (id, socialapp_id, site_id) FROM stdin;
\.


--
-- Data for Name: socialaccount_socialtoken; Type: TABLE DATA; Schema: public; Owner: postgres
--

COPY public.socialaccount_socialtoken (id, token, token_secret, expires_at, account_id, app_id) FROM stdin;
\.


--
-- Name: account_emailaddress_id_seq; Type: SEQUENCE SET; Schema: public; Owner: postgres
--

SELECT pg_catalog.setval('public.account_emailaddress_id_seq', 10, true);


--
-- Name: account_emailconfirmation_id_seq; Type: SEQUENCE SET; Schema: public; Owner: postgres
--

SELECT pg_catalog.setval('public.account_emailconfirmation_id_seq', 1, false);


--
-- Name: accounts_customuser_groups_id_seq; Type: SEQUENCE SET; Schema: public; Owner: postgres
--

SELECT pg_catalog.setval('public.accounts_customuser_groups_id_seq', 1, false);


--
-- Name: accounts_customuser_id_seq; Type: SEQUENCE SET; Schema: public; Owner: postgres
--

SELECT pg_catalog.setval('public.accounts_customuser_id_seq', 1002, true);


--
-- Name: accounts_customuser_user_permissions_id_seq; Type: SEQUENCE SET; Schema: public; Owner: postgres
--

SELECT pg_catalog.setval('public.accounts_customuser_user_permissions_id_seq', 1, false);


--
-- Name: accounts_profilelike_id_seq; Type: SEQUENCE SET; Schema: public; Owner: postgres
--

SELECT pg_catalog.setval('public.accounts_profilelike_id_seq', 3, true);


--
-- Name: accounts_userprofileimage_id_seq; Type: SEQUENCE SET; Schema: public; Owner: postgres
--

SELECT pg_catalog.setval('public.accounts_userprofileimage_id_seq', 11, true);


--
-- Name: auth_group_id_seq; Type: SEQUENCE SET; Schema: public; Owner: postgres
--

SELECT pg_catalog.setval('public.auth_group_id_seq', 1, false);


--
-- Name: auth_group_permissions_id_seq; Type: SEQUENCE SET; Schema: public; Owner: postgres
--

SELECT pg_catalog.setval('public.auth_group_permissions_id_seq', 1, false);


--
-- Name: auth_permission_id_seq; Type: SEQUENCE SET; Schema: public; Owner: postgres
--

SELECT pg_catalog.setval('public.auth_permission_id_seq', 88, true);


--
-- Name: auth_user_groups_id_seq; Type: SEQUENCE SET; Schema: public; Owner: postgres
--

SELECT pg_catalog.setval('public.auth_user_groups_id_seq', 1, false);


--
-- Name: auth_user_id_seq; Type: SEQUENCE SET; Schema: public; Owner: postgres
--

SELECT pg_catalog.setval('public.auth_user_id_seq', 1, true);


--
-- Name: auth_user_user_permissions_id_seq; Type: SEQUENCE SET; Schema: public; Owner: postgres
--

SELECT pg_catalog.setval('public.auth_user_user_permissions_id_seq', 1, false);


--
-- Name: background_task_completedtask_id_seq; Type: SEQUENCE SET; Schema: public; Owner: postgres
--

SELECT pg_catalog.setval('public.background_task_completedtask_id_seq', 16, true);


--
-- Name: background_task_id_seq; Type: SEQUENCE SET; Schema: public; Owner: postgres
--

SELECT pg_catalog.setval('public.background_task_id_seq', 16, true);


--
-- Name: django_admin_log_id_seq; Type: SEQUENCE SET; Schema: public; Owner: postgres
--

SELECT pg_catalog.setval('public.django_admin_log_id_seq', 588, true);


--
-- Name: django_content_type_id_seq; Type: SEQUENCE SET; Schema: public; Owner: postgres
--

SELECT pg_catalog.setval('public.django_content_type_id_seq', 22, true);


--
-- Name: django_migrations_id_seq; Type: SEQUENCE SET; Schema: public; Owner: postgres
--

SELECT pg_catalog.setval('public.django_migrations_id_seq', 60, true);


--
-- Name: django_site_id_seq; Type: SEQUENCE SET; Schema: public; Owner: postgres
--

SELECT pg_catalog.setval('public.django_site_id_seq', 1, true);


--
-- Name: messaging_conversation_id_seq; Type: SEQUENCE SET; Schema: public; Owner: postgres
--

SELECT pg_catalog.setval('public.messaging_conversation_id_seq', 4, true);


--
-- Name: messaging_conversation_participants_id_seq; Type: SEQUENCE SET; Schema: public; Owner: postgres
--

SELECT pg_catalog.setval('public.messaging_conversation_participants_id_seq', 8, true);


--
-- Name: messaging_conversationaisettings_id_seq; Type: SEQUENCE SET; Schema: public; Owner: postgres
--

SELECT pg_catalog.setval('public.messaging_conversationaisettings_id_seq', 3, true);


--
-- Name: messaging_message_id_seq; Type: SEQUENCE SET; Schema: public; Owner: postgres
--

SELECT pg_catalog.setval('public.messaging_message_id_seq', 25, true);


--
-- Name: socialaccount_socialaccount_id_seq; Type: SEQUENCE SET; Schema: public; Owner: postgres
--

SELECT pg_catalog.setval('public.socialaccount_socialaccount_id_seq', 1, false);


--
-- Name: socialaccount_socialapp_id_seq; Type: SEQUENCE SET; Schema: public; Owner: postgres
--

SELECT pg_catalog.setval('public.socialaccount_socialapp_id_seq', 1, false);


--
-- Name: socialaccount_socialapp_sites_id_seq; Type: SEQUENCE SET; Schema: public; Owner: postgres
--

SELECT pg_catalog.setval('public.socialaccount_socialapp_sites_id_seq', 1, false);


--
-- Name: socialaccount_socialtoken_id_seq; Type: SEQUENCE SET; Schema: public; Owner: postgres
--

SELECT pg_catalog.setval('public.socialaccount_socialtoken_id_seq', 1, false);


--
-- Name: account_emailaddress account_emailaddress_pkey; Type: CONSTRAINT; Schema: public; Owner: postgres
--

ALTER TABLE ONLY public.account_emailaddress
    ADD CONSTRAINT account_emailaddress_pkey PRIMARY KEY (id);


--
-- Name: account_emailaddress account_emailaddress_user_id_email_987c8728_uniq; Type: CONSTRAINT; Schema: public; Owner: postgres
--

ALTER TABLE ONLY public.account_emailaddress
    ADD CONSTRAINT account_emailaddress_user_id_email_987c8728_uniq UNIQUE (user_id, email);


--
-- Name: account_emailconfirmation account_emailconfirmation_key_key; Type: CONSTRAINT; Schema: public; Owner: postgres
--

ALTER TABLE ONLY public.account_emailconfirmation
    ADD CONSTRAINT account_emailconfirmation_key_key UNIQUE (key);


--
-- Name: account_emailconfirmation account_emailconfirmation_pkey; Type: CONSTRAINT; Schema: public; Owner: postgres
--

ALTER TABLE ONLY public.account_emailconfirmation
    ADD CONSTRAINT account_emailconfirmation_pkey PRIMARY KEY (id);


--
-- Name: accounts_customuser_groups accounts_customuser_groups_customuser_id_group_id_c074bdcb_uniq; Type: CONSTRAINT; Schema: public; Owner: postgres
--

ALTER TABLE ONLY public.accounts_customuser_groups
    ADD CONSTRAINT accounts_customuser_groups_customuser_id_group_id_c074bdcb_uniq UNIQUE (customuser_id, group_id);


--
-- Name: accounts_customuser_groups accounts_customuser_groups_pkey; Type: CONSTRAINT; Schema: public; Owner: postgres
--

ALTER TABLE ONLY public.accounts_customuser_groups
    ADD CONSTRAINT accounts_customuser_groups_pkey PRIMARY KEY (id);


--
-- Name: accounts_customuser accounts_customuser_pkey; Type: CONSTRAINT; Schema: public; Owner: postgres
--

ALTER TABLE ONLY public.accounts_customuser
    ADD CONSTRAINT accounts_customuser_pkey PRIMARY KEY (id);


--
-- Name: accounts_customuser_user_permissions accounts_customuser_user_customuser_id_permission_9632a709_uniq; Type: CONSTRAINT; Schema: public; Owner: postgres
--

ALTER TABLE ONLY public.accounts_customuser_user_permissions
    ADD CONSTRAINT accounts_customuser_user_customuser_id_permission_9632a709_uniq UNIQUE (customuser_id, permission_id);


--
-- Name: accounts_customuser_user_permissions accounts_customuser_user_permissions_pkey; Type: CONSTRAINT; Schema: public; Owner: postgres
--

ALTER TABLE ONLY public.accounts_customuser_user_permissions
    ADD CONSTRAINT accounts_customuser_user_permissions_pkey PRIMARY KEY (id);


--
-- Name: accounts_customuser accounts_customuser_username_key; Type: CONSTRAINT; Schema: public; Owner: postgres
--

ALTER TABLE ONLY public.accounts_customuser
    ADD CONSTRAINT accounts_customuser_username_key UNIQUE (username);


--
-- Name: accounts_profilelike accounts_profilelike_pkey; Type: CONSTRAINT; Schema: public; Owner: postgres
--

ALTER TABLE ONLY public.accounts_profilelike
    ADD CONSTRAINT accounts_profilelike_pkey PRIMARY KEY (id);


--
-- Name: accounts_userprofileimage accounts_userprofileimage_pkey; Type: CONSTRAINT; Schema: public; Owner: postgres
--

ALTER TABLE ONLY public.accounts_userprofileimage
    ADD CONSTRAINT accounts_userprofileimage_pkey PRIMARY KEY (id);


--
-- Name: auth_group auth_group_name_key; Type: CONSTRAINT; Schema: public; Owner: postgres
--

ALTER TABLE ONLY public.auth_group
    ADD CONSTRAINT auth_group_name_key UNIQUE (name);


--
-- Name: auth_group_permissions auth_group_permissions_group_id_permission_id_0cd325b0_uniq; Type: CONSTRAINT; Schema: public; Owner: postgres
--

ALTER TABLE ONLY public.auth_group_permissions
    ADD CONSTRAINT auth_group_permissions_group_id_permission_id_0cd325b0_uniq UNIQUE (group_id, permission_id);


--
-- Name: auth_group_permissions auth_group_permissions_pkey; Type: CONSTRAINT; Schema: public; Owner: postgres
--

ALTER TABLE ONLY public.auth_group_permissions
    ADD CONSTRAINT auth_group_permissions_pkey PRIMARY KEY (id);


--
-- Name: auth_group auth_group_pkey; Type: CONSTRAINT; Schema: public; Owner: postgres
--

ALTER TABLE ONLY public.auth_group
    ADD CONSTRAINT auth_group_pkey PRIMARY KEY (id);


--
-- Name: auth_permission auth_permission_content_type_id_codename_01ab375a_uniq; Type: CONSTRAINT; Schema: public; Owner: postgres
--

ALTER TABLE ONLY public.auth_permission
    ADD CONSTRAINT auth_permission_content_type_id_codename_01ab375a_uniq UNIQUE (content_type_id, codename);


--
-- Name: auth_permission auth_permission_pkey; Type: CONSTRAINT; Schema: public; Owner: postgres
--

ALTER TABLE ONLY public.auth_permission
    ADD CONSTRAINT auth_permission_pkey PRIMARY KEY (id);


--
-- Name: auth_user_groups auth_user_groups_pkey; Type: CONSTRAINT; Schema: public; Owner: postgres
--

ALTER TABLE ONLY public.auth_user_groups
    ADD CONSTRAINT auth_user_groups_pkey PRIMARY KEY (id);


--
-- Name: auth_user_groups auth_user_groups_user_id_group_id_94350c0c_uniq; Type: CONSTRAINT; Schema: public; Owner: postgres
--

ALTER TABLE ONLY public.auth_user_groups
    ADD CONSTRAINT auth_user_groups_user_id_group_id_94350c0c_uniq UNIQUE (user_id, group_id);


--
-- Name: auth_user auth_user_pkey; Type: CONSTRAINT; Schema: public; Owner: postgres
--

ALTER TABLE ONLY public.auth_user
    ADD CONSTRAINT auth_user_pkey PRIMARY KEY (id);


--
-- Name: auth_user_user_permissions auth_user_user_permissions_pkey; Type: CONSTRAINT; Schema: public; Owner: postgres
--

ALTER TABLE ONLY public.auth_user_user_permissions
    ADD CONSTRAINT auth_user_user_permissions_pkey PRIMARY KEY (id);


--
-- Name: auth_user_user_permissions auth_user_user_permissions_user_id_permission_id_14a6b632_uniq; Type: CONSTRAINT; Schema: public; Owner: postgres
--

ALTER TABLE ONLY public.auth_user_user_permissions
    ADD CONSTRAINT auth_user_user_permissions_user_id_permission_id_14a6b632_uniq UNIQUE (user_id, permission_id);


--
-- Name: auth_user auth_user_username_key; Type: CONSTRAINT; Schema: public; Owner: postgres
--

ALTER TABLE ONLY public.auth_user
    ADD CONSTRAINT auth_user_username_key UNIQUE (username);


--
-- Name: authtoken_token authtoken_token_pkey; Type: CONSTRAINT; Schema: public; Owner: postgres
--

ALTER TABLE ONLY public.authtoken_token
    ADD CONSTRAINT authtoken_token_pkey PRIMARY KEY (key);


--
-- Name: authtoken_token authtoken_token_user_id_key; Type: CONSTRAINT; Schema: public; Owner: postgres
--

ALTER TABLE ONLY public.authtoken_token
    ADD CONSTRAINT authtoken_token_user_id_key UNIQUE (user_id);


--
-- Name: background_task_completedtask background_task_completedtask_pkey; Type: CONSTRAINT; Schema: public; Owner: postgres
--

ALTER TABLE ONLY public.background_task_completedtask
    ADD CONSTRAINT background_task_completedtask_pkey PRIMARY KEY (id);


--
-- Name: background_task background_task_pkey; Type: CONSTRAINT; Schema: public; Owner: postgres
--

ALTER TABLE ONLY public.background_task
    ADD CONSTRAINT background_task_pkey PRIMARY KEY (id);


--
-- Name: django_admin_log django_admin_log_pkey; Type: CONSTRAINT; Schema: public; Owner: postgres
--

ALTER TABLE ONLY public.django_admin_log
    ADD CONSTRAINT django_admin_log_pkey PRIMARY KEY (id);


--
-- Name: django_content_type django_content_type_app_label_model_76bd3d3b_uniq; Type: CONSTRAINT; Schema: public; Owner: postgres
--

ALTER TABLE ONLY public.django_content_type
    ADD CONSTRAINT django_content_type_app_label_model_76bd3d3b_uniq UNIQUE (app_label, model);


--
-- Name: django_content_type django_content_type_pkey; Type: CONSTRAINT; Schema: public; Owner: postgres
--

ALTER TABLE ONLY public.django_content_type
    ADD CONSTRAINT django_content_type_pkey PRIMARY KEY (id);


--
-- Name: django_migrations django_migrations_pkey; Type: CONSTRAINT; Schema: public; Owner: postgres
--

ALTER TABLE ONLY public.django_migrations
    ADD CONSTRAINT django_migrations_pkey PRIMARY KEY (id);


--
-- Name: django_session django_session_pkey; Type: CONSTRAINT; Schema: public; Owner: postgres
--

ALTER TABLE ONLY public.django_session
    ADD CONSTRAINT django_session_pkey PRIMARY KEY (session_key);


--
-- Name: django_site django_site_domain_a2e37b91_uniq; Type: CONSTRAINT; Schema: public; Owner: postgres
--

ALTER TABLE ONLY public.django_site
    ADD CONSTRAINT django_site_domain_a2e37b91_uniq UNIQUE (domain);


--
-- Name: django_site django_site_pkey; Type: CONSTRAINT; Schema: public; Owner: postgres
--

ALTER TABLE ONLY public.django_site
    ADD CONSTRAINT django_site_pkey PRIMARY KEY (id);


--
-- Name: messaging_conversation_participants messaging_conversation_p_conversation_id_customus_43fdf330_uniq; Type: CONSTRAINT; Schema: public; Owner: postgres
--

ALTER TABLE ONLY public.messaging_conversation_participants
    ADD CONSTRAINT messaging_conversation_p_conversation_id_customus_43fdf330_uniq UNIQUE (conversation_id, customuser_id);


--
-- Name: messaging_conversation_participants messaging_conversation_participants_pkey; Type: CONSTRAINT; Schema: public; Owner: postgres
--

ALTER TABLE ONLY public.messaging_conversation_participants
    ADD CONSTRAINT messaging_conversation_participants_pkey PRIMARY KEY (id);


--
-- Name: messaging_conversation messaging_conversation_pkey; Type: CONSTRAINT; Schema: public; Owner: postgres
--

ALTER TABLE ONLY public.messaging_conversation
    ADD CONSTRAINT messaging_conversation_pkey PRIMARY KEY (id);


--
-- Name: messaging_conversationaisettings messaging_conversationaisettings_pkey; Type: CONSTRAINT; Schema: public; Owner: postgres
--

ALTER TABLE ONLY public.messaging_conversationaisettings
    ADD CONSTRAINT messaging_conversationaisettings_pkey PRIMARY KEY (id);


--
-- Name: messaging_message messaging_message_pkey; Type: CONSTRAINT; Schema: public; Owner: postgres
--

ALTER TABLE ONLY public.messaging_message
    ADD CONSTRAINT messaging_message_pkey PRIMARY KEY (id);


--
-- Name: socialaccount_socialaccount socialaccount_socialaccount_pkey; Type: CONSTRAINT; Schema: public; Owner: postgres
--

ALTER TABLE ONLY public.socialaccount_socialaccount
    ADD CONSTRAINT socialaccount_socialaccount_pkey PRIMARY KEY (id);


--
-- Name: socialaccount_socialaccount socialaccount_socialaccount_provider_uid_fc810c6e_uniq; Type: CONSTRAINT; Schema: public; Owner: postgres
--

ALTER TABLE ONLY public.socialaccount_socialaccount
    ADD CONSTRAINT socialaccount_socialaccount_provider_uid_fc810c6e_uniq UNIQUE (provider, uid);


--
-- Name: socialaccount_socialapp_sites socialaccount_socialapp__socialapp_id_site_id_71a9a768_uniq; Type: CONSTRAINT; Schema: public; Owner: postgres
--

ALTER TABLE ONLY public.socialaccount_socialapp_sites
    ADD CONSTRAINT socialaccount_socialapp__socialapp_id_site_id_71a9a768_uniq UNIQUE (socialapp_id, site_id);


--
-- Name: socialaccount_socialapp socialaccount_socialapp_pkey; Type: CONSTRAINT; Schema: public; Owner: postgres
--

ALTER TABLE ONLY public.socialaccount_socialapp
    ADD CONSTRAINT socialaccount_socialapp_pkey PRIMARY KEY (id);


--
-- Name: socialaccount_socialapp_sites socialaccount_socialapp_sites_pkey; Type: CONSTRAINT; Schema: public; Owner: postgres
--

ALTER TABLE ONLY public.socialaccount_socialapp_sites
    ADD CONSTRAINT socialaccount_socialapp_sites_pkey PRIMARY KEY (id);


--
-- Name: socialaccount_socialtoken socialaccount_socialtoken_app_id_account_id_fca4e0ac_uniq; Type: CONSTRAINT; Schema: public; Owner: postgres
--

ALTER TABLE ONLY public.socialaccount_socialtoken
    ADD CONSTRAINT socialaccount_socialtoken_app_id_account_id_fca4e0ac_uniq UNIQUE (app_id, account_id);


--
-- Name: socialaccount_socialtoken socialaccount_socialtoken_pkey; Type: CONSTRAINT; Schema: public; Owner: postgres
--

ALTER TABLE ONLY public.socialaccount_socialtoken
    ADD CONSTRAINT socialaccount_socialtoken_pkey PRIMARY KEY (id);


--
-- Name: messaging_conversationaisettings unique_ai_setting_per_conversation; Type: CONSTRAINT; Schema: public; Owner: postgres
--

ALTER TABLE ONLY public.messaging_conversationaisettings
    ADD CONSTRAINT unique_ai_setting_per_conversation UNIQUE (real_user_id, fake_user_id);


--
-- Name: accounts_profilelike unique_like; Type: CONSTRAINT; Schema: public; Owner: postgres
--

ALTER TABLE ONLY public.accounts_profilelike
    ADD CONSTRAINT unique_like UNIQUE (liker_id, liked_user_id);


--
-- Name: account_emailaddress_email_03be32b2; Type: INDEX; Schema: public; Owner: postgres
--

CREATE INDEX account_emailaddress_email_03be32b2 ON public.account_emailaddress USING btree (email);


--
-- Name: account_emailaddress_email_03be32b2_like; Type: INDEX; Schema: public; Owner: postgres
--

CREATE INDEX account_emailaddress_email_03be32b2_like ON public.account_emailaddress USING btree (email varchar_pattern_ops);


--
-- Name: account_emailaddress_user_id_2c513194; Type: INDEX; Schema: public; Owner: postgres
--

CREATE INDEX account_emailaddress_user_id_2c513194 ON public.account_emailaddress USING btree (user_id);


--
-- Name: account_emailconfirmation_email_address_id_5b7f8c58; Type: INDEX; Schema: public; Owner: postgres
--

CREATE INDEX account_emailconfirmation_email_address_id_5b7f8c58 ON public.account_emailconfirmation USING btree (email_address_id);


--
-- Name: account_emailconfirmation_key_f43612bd_like; Type: INDEX; Schema: public; Owner: postgres
--

CREATE INDEX account_emailconfirmation_key_f43612bd_like ON public.account_emailconfirmation USING btree (key varchar_pattern_ops);


--
-- Name: accounts_customuser_assigned_moderator_id_655c9ff9; Type: INDEX; Schema: public; Owner: postgres
--

CREATE INDEX accounts_customuser_assigned_moderator_id_655c9ff9 ON public.accounts_customuser USING btree (assigned_moderator_id);


--
-- Name: accounts_customuser_groups_customuser_id_bc55088e; Type: INDEX; Schema: public; Owner: postgres
--

CREATE INDEX accounts_customuser_groups_customuser_id_bc55088e ON public.accounts_customuser_groups USING btree (customuser_id);


--
-- Name: accounts_customuser_groups_group_id_86ba5f9e; Type: INDEX; Schema: public; Owner: postgres
--

CREATE INDEX accounts_customuser_groups_group_id_86ba5f9e ON public.accounts_customuser_groups USING btree (group_id);


--
-- Name: accounts_customuser_user_permissions_customuser_id_0deaefae; Type: INDEX; Schema: public; Owner: postgres
--

CREATE INDEX accounts_customuser_user_permissions_customuser_id_0deaefae ON public.accounts_customuser_user_permissions USING btree (customuser_id);


--
-- Name: accounts_customuser_user_permissions_permission_id_aea3d0e5; Type: INDEX; Schema: public; Owner: postgres
--

CREATE INDEX accounts_customuser_user_permissions_permission_id_aea3d0e5 ON public.accounts_customuser_user_permissions USING btree (permission_id);


--
-- Name: accounts_customuser_username_722f3555_like; Type: INDEX; Schema: public; Owner: postgres
--

CREATE INDEX accounts_customuser_username_722f3555_like ON public.accounts_customuser USING btree (username varchar_pattern_ops);


--
-- Name: accounts_profilelike_liked_user_id_9e5db262; Type: INDEX; Schema: public; Owner: postgres
--

CREATE INDEX accounts_profilelike_liked_user_id_9e5db262 ON public.accounts_profilelike USING btree (liked_user_id);


--
-- Name: accounts_profilelike_liker_id_f7cc68bb; Type: INDEX; Schema: public; Owner: postgres
--

CREATE INDEX accounts_profilelike_liker_id_f7cc68bb ON public.accounts_profilelike USING btree (liker_id);


--
-- Name: accounts_userprofileimage_user_id_faed6584; Type: INDEX; Schema: public; Owner: postgres
--

CREATE INDEX accounts_userprofileimage_user_id_faed6584 ON public.accounts_userprofileimage USING btree (user_id);


--
-- Name: auth_group_name_a6ea08ec_like; Type: INDEX; Schema: public; Owner: postgres
--

CREATE INDEX auth_group_name_a6ea08ec_like ON public.auth_group USING btree (name varchar_pattern_ops);


--
-- Name: auth_group_permissions_group_id_b120cbf9; Type: INDEX; Schema: public; Owner: postgres
--

CREATE INDEX auth_group_permissions_group_id_b120cbf9 ON public.auth_group_permissions USING btree (group_id);


--
-- Name: auth_group_permissions_permission_id_84c5c92e; Type: INDEX; Schema: public; Owner: postgres
--

CREATE INDEX auth_group_permissions_permission_id_84c5c92e ON public.auth_group_permissions USING btree (permission_id);


--
-- Name: auth_permission_content_type_id_2f476e4b; Type: INDEX; Schema: public; Owner: postgres
--

CREATE INDEX auth_permission_content_type_id_2f476e4b ON public.auth_permission USING btree (content_type_id);


--
-- Name: auth_user_groups_group_id_97559544; Type: INDEX; Schema: public; Owner: postgres
--

CREATE INDEX auth_user_groups_group_id_97559544 ON public.auth_user_groups USING btree (group_id);


--
-- Name: auth_user_groups_user_id_6a12ed8b; Type: INDEX; Schema: public; Owner: postgres
--

CREATE INDEX auth_user_groups_user_id_6a12ed8b ON public.auth_user_groups USING btree (user_id);


--
-- Name: auth_user_user_permissions_permission_id_1fbb5f2c; Type: INDEX; Schema: public; Owner: postgres
--

CREATE INDEX auth_user_user_permissions_permission_id_1fbb5f2c ON public.auth_user_user_permissions USING btree (permission_id);


--
-- Name: auth_user_user_permissions_user_id_a95ead1b; Type: INDEX; Schema: public; Owner: postgres
--

CREATE INDEX auth_user_user_permissions_user_id_a95ead1b ON public.auth_user_user_permissions USING btree (user_id);


--
-- Name: auth_user_username_6821ab7c_like; Type: INDEX; Schema: public; Owner: postgres
--

CREATE INDEX auth_user_username_6821ab7c_like ON public.auth_user USING btree (username varchar_pattern_ops);


--
-- Name: authtoken_token_key_10f0b77e_like; Type: INDEX; Schema: public; Owner: postgres
--

CREATE INDEX authtoken_token_key_10f0b77e_like ON public.authtoken_token USING btree (key varchar_pattern_ops);


--
-- Name: background_task_attempts_a9ade23d; Type: INDEX; Schema: public; Owner: postgres
--

CREATE INDEX background_task_attempts_a9ade23d ON public.background_task USING btree (attempts);


--
-- Name: background_task_completedtask_attempts_772a6783; Type: INDEX; Schema: public; Owner: postgres
--

CREATE INDEX background_task_completedtask_attempts_772a6783 ON public.background_task_completedtask USING btree (attempts);


--
-- Name: background_task_completedtask_creator_content_type_id_21d6a741; Type: INDEX; Schema: public; Owner: postgres
--

CREATE INDEX background_task_completedtask_creator_content_type_id_21d6a741 ON public.background_task_completedtask USING btree (creator_content_type_id);


--
-- Name: background_task_completedtask_failed_at_3de56618; Type: INDEX; Schema: public; Owner: postgres
--

CREATE INDEX background_task_completedtask_failed_at_3de56618 ON public.background_task_completedtask USING btree (failed_at);


--
-- Name: background_task_completedtask_locked_at_29c62708; Type: INDEX; Schema: public; Owner: postgres
--

CREATE INDEX background_task_completedtask_locked_at_29c62708 ON public.background_task_completedtask USING btree (locked_at);


--
-- Name: background_task_completedtask_locked_by_edc8a213; Type: INDEX; Schema: public; Owner: postgres
--

CREATE INDEX background_task_completedtask_locked_by_edc8a213 ON public.background_task_completedtask USING btree (locked_by);


--
-- Name: background_task_completedtask_locked_by_edc8a213_like; Type: INDEX; Schema: public; Owner: postgres
--

CREATE INDEX background_task_completedtask_locked_by_edc8a213_like ON public.background_task_completedtask USING btree (locked_by varchar_pattern_ops);


--
-- Name: background_task_completedtask_priority_9080692e; Type: INDEX; Schema: public; Owner: postgres
--

CREATE INDEX background_task_completedtask_priority_9080692e ON public.background_task_completedtask USING btree (priority);


--
-- Name: background_task_completedtask_queue_61fb0415; Type: INDEX; Schema: public; Owner: postgres
--

CREATE INDEX background_task_completedtask_queue_61fb0415 ON public.background_task_completedtask USING btree (queue);


--
-- Name: background_task_completedtask_queue_61fb0415_like; Type: INDEX; Schema: public; Owner: postgres
--

CREATE INDEX background_task_completedtask_queue_61fb0415_like ON public.background_task_completedtask USING btree (queue varchar_pattern_ops);


--
-- Name: background_task_completedtask_run_at_77c80f34; Type: INDEX; Schema: public; Owner: postgres
--

CREATE INDEX background_task_completedtask_run_at_77c80f34 ON public.background_task_completedtask USING btree (run_at);


--
-- Name: background_task_completedtask_task_hash_91187576; Type: INDEX; Schema: public; Owner: postgres
--

CREATE INDEX background_task_completedtask_task_hash_91187576 ON public.background_task_completedtask USING btree (task_hash);


--
-- Name: background_task_completedtask_task_hash_91187576_like; Type: INDEX; Schema: public; Owner: postgres
--

CREATE INDEX background_task_completedtask_task_hash_91187576_like ON public.background_task_completedtask USING btree (task_hash varchar_pattern_ops);


--
-- Name: background_task_completedtask_task_name_388dabc2; Type: INDEX; Schema: public; Owner: postgres
--

CREATE INDEX background_task_completedtask_task_name_388dabc2 ON public.background_task_completedtask USING btree (task_name);


--
-- Name: background_task_completedtask_task_name_388dabc2_like; Type: INDEX; Schema: public; Owner: postgres
--

CREATE INDEX background_task_completedtask_task_name_388dabc2_like ON public.background_task_completedtask USING btree (task_name varchar_pattern_ops);


--
-- Name: background_task_creator_content_type_id_61cc9af3; Type: INDEX; Schema: public; Owner: postgres
--

CREATE INDEX background_task_creator_content_type_id_61cc9af3 ON public.background_task USING btree (creator_content_type_id);


--
-- Name: background_task_failed_at_b81bba14; Type: INDEX; Schema: public; Owner: postgres
--

CREATE INDEX background_task_failed_at_b81bba14 ON public.background_task USING btree (failed_at);


--
-- Name: background_task_locked_at_0fb0f225; Type: INDEX; Schema: public; Owner: postgres
--

CREATE INDEX background_task_locked_at_0fb0f225 ON public.background_task USING btree (locked_at);


--
-- Name: background_task_locked_by_db7779e3; Type: INDEX; Schema: public; Owner: postgres
--

CREATE INDEX background_task_locked_by_db7779e3 ON public.background_task USING btree (locked_by);


--
-- Name: background_task_locked_by_db7779e3_like; Type: INDEX; Schema: public; Owner: postgres
--

CREATE INDEX background_task_locked_by_db7779e3_like ON public.background_task USING btree (locked_by varchar_pattern_ops);


--
-- Name: background_task_priority_88bdbce9; Type: INDEX; Schema: public; Owner: postgres
--

CREATE INDEX background_task_priority_88bdbce9 ON public.background_task USING btree (priority);


--
-- Name: background_task_queue_1d5f3a40; Type: INDEX; Schema: public; Owner: postgres
--

CREATE INDEX background_task_queue_1d5f3a40 ON public.background_task USING btree (queue);


--
-- Name: background_task_queue_1d5f3a40_like; Type: INDEX; Schema: public; Owner: postgres
--

CREATE INDEX background_task_queue_1d5f3a40_like ON public.background_task USING btree (queue varchar_pattern_ops);


--
-- Name: background_task_run_at_7baca3aa; Type: INDEX; Schema: public; Owner: postgres
--

CREATE INDEX background_task_run_at_7baca3aa ON public.background_task USING btree (run_at);


--
-- Name: background_task_task_hash_d8f233bd; Type: INDEX; Schema: public; Owner: postgres
--

CREATE INDEX background_task_task_hash_d8f233bd ON public.background_task USING btree (task_hash);


--
-- Name: background_task_task_hash_d8f233bd_like; Type: INDEX; Schema: public; Owner: postgres
--

CREATE INDEX background_task_task_hash_d8f233bd_like ON public.background_task USING btree (task_hash varchar_pattern_ops);


--
-- Name: background_task_task_name_4562d56a; Type: INDEX; Schema: public; Owner: postgres
--

CREATE INDEX background_task_task_name_4562d56a ON public.background_task USING btree (task_name);


--
-- Name: background_task_task_name_4562d56a_like; Type: INDEX; Schema: public; Owner: postgres
--

CREATE INDEX background_task_task_name_4562d56a_like ON public.background_task USING btree (task_name varchar_pattern_ops);


--
-- Name: django_admin_log_content_type_id_c4bce8eb; Type: INDEX; Schema: public; Owner: postgres
--

CREATE INDEX django_admin_log_content_type_id_c4bce8eb ON public.django_admin_log USING btree (content_type_id);


--
-- Name: django_admin_log_user_id_c564eba6; Type: INDEX; Schema: public; Owner: postgres
--

CREATE INDEX django_admin_log_user_id_c564eba6 ON public.django_admin_log USING btree (user_id);


--
-- Name: django_session_expire_date_a5c62663; Type: INDEX; Schema: public; Owner: postgres
--

CREATE INDEX django_session_expire_date_a5c62663 ON public.django_session USING btree (expire_date);


--
-- Name: django_session_session_key_c0390e0f_like; Type: INDEX; Schema: public; Owner: postgres
--

CREATE INDEX django_session_session_key_c0390e0f_like ON public.django_session USING btree (session_key varchar_pattern_ops);


--
-- Name: django_site_domain_a2e37b91_like; Type: INDEX; Schema: public; Owner: postgres
--

CREATE INDEX django_site_domain_a2e37b91_like ON public.django_site USING btree (domain varchar_pattern_ops);


--
-- Name: messaging_conversation_participants_conversation_id_890e9e37; Type: INDEX; Schema: public; Owner: postgres
--

CREATE INDEX messaging_conversation_participants_conversation_id_890e9e37 ON public.messaging_conversation_participants USING btree (conversation_id);


--
-- Name: messaging_conversation_participants_customuser_id_42a02054; Type: INDEX; Schema: public; Owner: postgres
--

CREATE INDEX messaging_conversation_participants_customuser_id_42a02054 ON public.messaging_conversation_participants USING btree (customuser_id);


--
-- Name: messaging_conversationaisettings_fake_user_id_67a38fb7; Type: INDEX; Schema: public; Owner: postgres
--

CREATE INDEX messaging_conversationaisettings_fake_user_id_67a38fb7 ON public.messaging_conversationaisettings USING btree (fake_user_id);


--
-- Name: messaging_conversationaisettings_real_user_id_de738b16; Type: INDEX; Schema: public; Owner: postgres
--

CREATE INDEX messaging_conversationaisettings_real_user_id_de738b16 ON public.messaging_conversationaisettings USING btree (real_user_id);


--
-- Name: messaging_message_conversation_id_3db4d3d1; Type: INDEX; Schema: public; Owner: postgres
--

CREATE INDEX messaging_message_conversation_id_3db4d3d1 ON public.messaging_message USING btree (conversation_id);


--
-- Name: messaging_message_recipient_id_6eb91564; Type: INDEX; Schema: public; Owner: postgres
--

CREATE INDEX messaging_message_recipient_id_6eb91564 ON public.messaging_message USING btree (recipient_id);


--
-- Name: messaging_message_sender_id_7a7088e6; Type: INDEX; Schema: public; Owner: postgres
--

CREATE INDEX messaging_message_sender_id_7a7088e6 ON public.messaging_message USING btree (sender_id);


--
-- Name: socialaccount_socialaccount_user_id_8146e70c; Type: INDEX; Schema: public; Owner: postgres
--

CREATE INDEX socialaccount_socialaccount_user_id_8146e70c ON public.socialaccount_socialaccount USING btree (user_id);


--
-- Name: socialaccount_socialapp_sites_site_id_2579dee5; Type: INDEX; Schema: public; Owner: postgres
--

CREATE INDEX socialaccount_socialapp_sites_site_id_2579dee5 ON public.socialaccount_socialapp_sites USING btree (site_id);


--
-- Name: socialaccount_socialapp_sites_socialapp_id_97fb6e7d; Type: INDEX; Schema: public; Owner: postgres
--

CREATE INDEX socialaccount_socialapp_sites_socialapp_id_97fb6e7d ON public.socialaccount_socialapp_sites USING btree (socialapp_id);


--
-- Name: socialaccount_socialtoken_account_id_951f210e; Type: INDEX; Schema: public; Owner: postgres
--

CREATE INDEX socialaccount_socialtoken_account_id_951f210e ON public.socialaccount_socialtoken USING btree (account_id);


--
-- Name: socialaccount_socialtoken_app_id_636a42d7; Type: INDEX; Schema: public; Owner: postgres
--

CREATE INDEX socialaccount_socialtoken_app_id_636a42d7 ON public.socialaccount_socialtoken USING btree (app_id);


--
-- Name: unique_primary_email; Type: INDEX; Schema: public; Owner: postgres
--

CREATE UNIQUE INDEX unique_primary_email ON public.account_emailaddress USING btree (user_id, "primary") WHERE "primary";


--
-- Name: unique_verified_email; Type: INDEX; Schema: public; Owner: postgres
--

CREATE UNIQUE INDEX unique_verified_email ON public.account_emailaddress USING btree (email) WHERE verified;


--
-- Name: account_emailaddress account_emailaddress_user_id_2c513194_fk_accounts_customuser_id; Type: FK CONSTRAINT; Schema: public; Owner: postgres
--

ALTER TABLE ONLY public.account_emailaddress
    ADD CONSTRAINT account_emailaddress_user_id_2c513194_fk_accounts_customuser_id FOREIGN KEY (user_id) REFERENCES public.accounts_customuser(id) DEFERRABLE INITIALLY DEFERRED;


--
-- Name: account_emailconfirmation account_emailconfirm_email_address_id_5b7f8c58_fk_account_e; Type: FK CONSTRAINT; Schema: public; Owner: postgres
--

ALTER TABLE ONLY public.account_emailconfirmation
    ADD CONSTRAINT account_emailconfirm_email_address_id_5b7f8c58_fk_account_e FOREIGN KEY (email_address_id) REFERENCES public.account_emailaddress(id) DEFERRABLE INITIALLY DEFERRED;


--
-- Name: accounts_customuser_user_permissions accounts_customuser__customuser_id_0deaefae_fk_accounts_; Type: FK CONSTRAINT; Schema: public; Owner: postgres
--

ALTER TABLE ONLY public.accounts_customuser_user_permissions
    ADD CONSTRAINT accounts_customuser__customuser_id_0deaefae_fk_accounts_ FOREIGN KEY (customuser_id) REFERENCES public.accounts_customuser(id) DEFERRABLE INITIALLY DEFERRED;


--
-- Name: accounts_customuser_groups accounts_customuser__customuser_id_bc55088e_fk_accounts_; Type: FK CONSTRAINT; Schema: public; Owner: postgres
--

ALTER TABLE ONLY public.accounts_customuser_groups
    ADD CONSTRAINT accounts_customuser__customuser_id_bc55088e_fk_accounts_ FOREIGN KEY (customuser_id) REFERENCES public.accounts_customuser(id) DEFERRABLE INITIALLY DEFERRED;


--
-- Name: accounts_customuser_user_permissions accounts_customuser__permission_id_aea3d0e5_fk_auth_perm; Type: FK CONSTRAINT; Schema: public; Owner: postgres
--

ALTER TABLE ONLY public.accounts_customuser_user_permissions
    ADD CONSTRAINT accounts_customuser__permission_id_aea3d0e5_fk_auth_perm FOREIGN KEY (permission_id) REFERENCES public.auth_permission(id) DEFERRABLE INITIALLY DEFERRED;


--
-- Name: accounts_customuser accounts_customuser_assigned_moderator_i_655c9ff9_fk_accounts_; Type: FK CONSTRAINT; Schema: public; Owner: postgres
--

ALTER TABLE ONLY public.accounts_customuser
    ADD CONSTRAINT accounts_customuser_assigned_moderator_i_655c9ff9_fk_accounts_ FOREIGN KEY (assigned_moderator_id) REFERENCES public.accounts_customuser(id) DEFERRABLE INITIALLY DEFERRED;


--
-- Name: accounts_customuser_groups accounts_customuser_groups_group_id_86ba5f9e_fk_auth_group_id; Type: FK CONSTRAINT; Schema: public; Owner: postgres
--

ALTER TABLE ONLY public.accounts_customuser_groups
    ADD CONSTRAINT accounts_customuser_groups_group_id_86ba5f9e_fk_auth_group_id FOREIGN KEY (group_id) REFERENCES public.auth_group(id) DEFERRABLE INITIALLY DEFERRED;


--
-- Name: accounts_profilelike accounts_profilelike_liked_user_id_9e5db262_fk_accounts_; Type: FK CONSTRAINT; Schema: public; Owner: postgres
--

ALTER TABLE ONLY public.accounts_profilelike
    ADD CONSTRAINT accounts_profilelike_liked_user_id_9e5db262_fk_accounts_ FOREIGN KEY (liked_user_id) REFERENCES public.accounts_customuser(id) DEFERRABLE INITIALLY DEFERRED;


--
-- Name: accounts_profilelike accounts_profilelike_liker_id_f7cc68bb_fk_accounts_; Type: FK CONSTRAINT; Schema: public; Owner: postgres
--

ALTER TABLE ONLY public.accounts_profilelike
    ADD CONSTRAINT accounts_profilelike_liker_id_f7cc68bb_fk_accounts_ FOREIGN KEY (liker_id) REFERENCES public.accounts_customuser(id) DEFERRABLE INITIALLY DEFERRED;


--
-- Name: accounts_userprofileimage accounts_userprofile_user_id_faed6584_fk_accounts_; Type: FK CONSTRAINT; Schema: public; Owner: postgres
--

ALTER TABLE ONLY public.accounts_userprofileimage
    ADD CONSTRAINT accounts_userprofile_user_id_faed6584_fk_accounts_ FOREIGN KEY (user_id) REFERENCES public.accounts_customuser(id) DEFERRABLE INITIALLY DEFERRED;


--
-- Name: auth_group_permissions auth_group_permissio_permission_id_84c5c92e_fk_auth_perm; Type: FK CONSTRAINT; Schema: public; Owner: postgres
--

ALTER TABLE ONLY public.auth_group_permissions
    ADD CONSTRAINT auth_group_permissio_permission_id_84c5c92e_fk_auth_perm FOREIGN KEY (permission_id) REFERENCES public.auth_permission(id) DEFERRABLE INITIALLY DEFERRED;


--
-- Name: auth_group_permissions auth_group_permissions_group_id_b120cbf9_fk_auth_group_id; Type: FK CONSTRAINT; Schema: public; Owner: postgres
--

ALTER TABLE ONLY public.auth_group_permissions
    ADD CONSTRAINT auth_group_permissions_group_id_b120cbf9_fk_auth_group_id FOREIGN KEY (group_id) REFERENCES public.auth_group(id) DEFERRABLE INITIALLY DEFERRED;


--
-- Name: auth_permission auth_permission_content_type_id_2f476e4b_fk_django_co; Type: FK CONSTRAINT; Schema: public; Owner: postgres
--

ALTER TABLE ONLY public.auth_permission
    ADD CONSTRAINT auth_permission_content_type_id_2f476e4b_fk_django_co FOREIGN KEY (content_type_id) REFERENCES public.django_content_type(id) DEFERRABLE INITIALLY DEFERRED;


--
-- Name: auth_user_groups auth_user_groups_group_id_97559544_fk_auth_group_id; Type: FK CONSTRAINT; Schema: public; Owner: postgres
--

ALTER TABLE ONLY public.auth_user_groups
    ADD CONSTRAINT auth_user_groups_group_id_97559544_fk_auth_group_id FOREIGN KEY (group_id) REFERENCES public.auth_group(id) DEFERRABLE INITIALLY DEFERRED;


--
-- Name: auth_user_groups auth_user_groups_user_id_6a12ed8b_fk_auth_user_id; Type: FK CONSTRAINT; Schema: public; Owner: postgres
--

ALTER TABLE ONLY public.auth_user_groups
    ADD CONSTRAINT auth_user_groups_user_id_6a12ed8b_fk_auth_user_id FOREIGN KEY (user_id) REFERENCES public.auth_user(id) DEFERRABLE INITIALLY DEFERRED;


--
-- Name: auth_user_user_permissions auth_user_user_permi_permission_id_1fbb5f2c_fk_auth_perm; Type: FK CONSTRAINT; Schema: public; Owner: postgres
--

ALTER TABLE ONLY public.auth_user_user_permissions
    ADD CONSTRAINT auth_user_user_permi_permission_id_1fbb5f2c_fk_auth_perm FOREIGN KEY (permission_id) REFERENCES public.auth_permission(id) DEFERRABLE INITIALLY DEFERRED;


--
-- Name: auth_user_user_permissions auth_user_user_permissions_user_id_a95ead1b_fk_auth_user_id; Type: FK CONSTRAINT; Schema: public; Owner: postgres
--

ALTER TABLE ONLY public.auth_user_user_permissions
    ADD CONSTRAINT auth_user_user_permissions_user_id_a95ead1b_fk_auth_user_id FOREIGN KEY (user_id) REFERENCES public.auth_user(id) DEFERRABLE INITIALLY DEFERRED;


--
-- Name: authtoken_token authtoken_token_user_id_35299eff_fk_accounts_customuser_id; Type: FK CONSTRAINT; Schema: public; Owner: postgres
--

ALTER TABLE ONLY public.authtoken_token
    ADD CONSTRAINT authtoken_token_user_id_35299eff_fk_accounts_customuser_id FOREIGN KEY (user_id) REFERENCES public.accounts_customuser(id) DEFERRABLE INITIALLY DEFERRED;


--
-- Name: background_task_completedtask background_task_comp_creator_content_type_21d6a741_fk_django_co; Type: FK CONSTRAINT; Schema: public; Owner: postgres
--

ALTER TABLE ONLY public.background_task_completedtask
    ADD CONSTRAINT background_task_comp_creator_content_type_21d6a741_fk_django_co FOREIGN KEY (creator_content_type_id) REFERENCES public.django_content_type(id) DEFERRABLE INITIALLY DEFERRED;


--
-- Name: background_task background_task_creator_content_type_61cc9af3_fk_django_co; Type: FK CONSTRAINT; Schema: public; Owner: postgres
--

ALTER TABLE ONLY public.background_task
    ADD CONSTRAINT background_task_creator_content_type_61cc9af3_fk_django_co FOREIGN KEY (creator_content_type_id) REFERENCES public.django_content_type(id) DEFERRABLE INITIALLY DEFERRED;


--
-- Name: django_admin_log django_admin_log_content_type_id_c4bce8eb_fk_django_co; Type: FK CONSTRAINT; Schema: public; Owner: postgres
--

ALTER TABLE ONLY public.django_admin_log
    ADD CONSTRAINT django_admin_log_content_type_id_c4bce8eb_fk_django_co FOREIGN KEY (content_type_id) REFERENCES public.django_content_type(id) DEFERRABLE INITIALLY DEFERRED;


--
-- Name: django_admin_log django_admin_log_user_id_c564eba6_fk_auth_user_id; Type: FK CONSTRAINT; Schema: public; Owner: postgres
--

ALTER TABLE ONLY public.django_admin_log
    ADD CONSTRAINT django_admin_log_user_id_c564eba6_fk_auth_user_id FOREIGN KEY (user_id) REFERENCES public.auth_user(id) DEFERRABLE INITIALLY DEFERRED;


--
-- Name: messaging_conversation_participants messaging_conversati_conversation_id_890e9e37_fk_messaging; Type: FK CONSTRAINT; Schema: public; Owner: postgres
--

ALTER TABLE ONLY public.messaging_conversation_participants
    ADD CONSTRAINT messaging_conversati_conversation_id_890e9e37_fk_messaging FOREIGN KEY (conversation_id) REFERENCES public.messaging_conversation(id) DEFERRABLE INITIALLY DEFERRED;


--
-- Name: messaging_conversation_participants messaging_conversati_customuser_id_42a02054_fk_accounts_; Type: FK CONSTRAINT; Schema: public; Owner: postgres
--

ALTER TABLE ONLY public.messaging_conversation_participants
    ADD CONSTRAINT messaging_conversati_customuser_id_42a02054_fk_accounts_ FOREIGN KEY (customuser_id) REFERENCES public.accounts_customuser(id) DEFERRABLE INITIALLY DEFERRED;


--
-- Name: messaging_conversationaisettings messaging_conversati_fake_user_id_67a38fb7_fk_accounts_; Type: FK CONSTRAINT; Schema: public; Owner: postgres
--

ALTER TABLE ONLY public.messaging_conversationaisettings
    ADD CONSTRAINT messaging_conversati_fake_user_id_67a38fb7_fk_accounts_ FOREIGN KEY (fake_user_id) REFERENCES public.accounts_customuser(id) DEFERRABLE INITIALLY DEFERRED;


--
-- Name: messaging_conversationaisettings messaging_conversati_real_user_id_de738b16_fk_accounts_; Type: FK CONSTRAINT; Schema: public; Owner: postgres
--

ALTER TABLE ONLY public.messaging_conversationaisettings
    ADD CONSTRAINT messaging_conversati_real_user_id_de738b16_fk_accounts_ FOREIGN KEY (real_user_id) REFERENCES public.accounts_customuser(id) DEFERRABLE INITIALLY DEFERRED;


--
-- Name: messaging_message messaging_message_conversation_id_3db4d3d1_fk_messaging; Type: FK CONSTRAINT; Schema: public; Owner: postgres
--

ALTER TABLE ONLY public.messaging_message
    ADD CONSTRAINT messaging_message_conversation_id_3db4d3d1_fk_messaging FOREIGN KEY (conversation_id) REFERENCES public.messaging_conversation(id) DEFERRABLE INITIALLY DEFERRED;


--
-- Name: messaging_message messaging_message_recipient_id_6eb91564_fk_accounts_; Type: FK CONSTRAINT; Schema: public; Owner: postgres
--

ALTER TABLE ONLY public.messaging_message
    ADD CONSTRAINT messaging_message_recipient_id_6eb91564_fk_accounts_ FOREIGN KEY (recipient_id) REFERENCES public.accounts_customuser(id) DEFERRABLE INITIALLY DEFERRED;


--
-- Name: messaging_message messaging_message_sender_id_7a7088e6_fk_accounts_customuser_id; Type: FK CONSTRAINT; Schema: public; Owner: postgres
--

ALTER TABLE ONLY public.messaging_message
    ADD CONSTRAINT messaging_message_sender_id_7a7088e6_fk_accounts_customuser_id FOREIGN KEY (sender_id) REFERENCES public.accounts_customuser(id) DEFERRABLE INITIALLY DEFERRED;


--
-- Name: socialaccount_socialtoken socialaccount_social_account_id_951f210e_fk_socialacc; Type: FK CONSTRAINT; Schema: public; Owner: postgres
--

ALTER TABLE ONLY public.socialaccount_socialtoken
    ADD CONSTRAINT socialaccount_social_account_id_951f210e_fk_socialacc FOREIGN KEY (account_id) REFERENCES public.socialaccount_socialaccount(id) DEFERRABLE INITIALLY DEFERRED;


--
-- Name: socialaccount_socialtoken socialaccount_social_app_id_636a42d7_fk_socialacc; Type: FK CONSTRAINT; Schema: public; Owner: postgres
--

ALTER TABLE ONLY public.socialaccount_socialtoken
    ADD CONSTRAINT socialaccount_social_app_id_636a42d7_fk_socialacc FOREIGN KEY (app_id) REFERENCES public.socialaccount_socialapp(id) DEFERRABLE INITIALLY DEFERRED;


--
-- Name: socialaccount_socialapp_sites socialaccount_social_site_id_2579dee5_fk_django_si; Type: FK CONSTRAINT; Schema: public; Owner: postgres
--

ALTER TABLE ONLY public.socialaccount_socialapp_sites
    ADD CONSTRAINT socialaccount_social_site_id_2579dee5_fk_django_si FOREIGN KEY (site_id) REFERENCES public.django_site(id) DEFERRABLE INITIALLY DEFERRED;


--
-- Name: socialaccount_socialapp_sites socialaccount_social_socialapp_id_97fb6e7d_fk_socialacc; Type: FK CONSTRAINT; Schema: public; Owner: postgres
--

ALTER TABLE ONLY public.socialaccount_socialapp_sites
    ADD CONSTRAINT socialaccount_social_socialapp_id_97fb6e7d_fk_socialacc FOREIGN KEY (socialapp_id) REFERENCES public.socialaccount_socialapp(id) DEFERRABLE INITIALLY DEFERRED;


--
-- Name: socialaccount_socialaccount socialaccount_social_user_id_8146e70c_fk_accounts_; Type: FK CONSTRAINT; Schema: public; Owner: postgres
--

ALTER TABLE ONLY public.socialaccount_socialaccount
    ADD CONSTRAINT socialaccount_social_user_id_8146e70c_fk_accounts_ FOREIGN KEY (user_id) REFERENCES public.accounts_customuser(id) DEFERRABLE INITIALLY DEFERRED;


--
-- PostgreSQL database dump complete
--

